classtype,flagno,storeno,storename,undertaker,storeaddr,contacttel,taxno
2,金頂鹼性,M000019,中寮農會超市購物中心,廖美鑾,541南投縣中寮鄉永平村永平路１90-1號,0492693934,
2,Panasoni,M000019,中寮農會超市購物中心,廖美鑾,541南投縣中寮鄉永平村永平路１90-1號,0492693934,
2,6270,N000372,采和車業有限公司,吳揚程,510彰化縣員林市中山路２段３６號,04-8321017,
2,6270,N000363,原昌車業有限公司,游添福,515彰化縣大村鄉中山路１段９號,04-8356089,
2,5946,B000055,萊德傢俱生活館,林聘國,408臺中市南屯區文心路一段413號1樓,04-22540088,
2,5945,K000016,"台灣歐德傢俱連鎖事業 栗德傢俱生活館",黃文苓,351苗栗縣頭份市中華路1180號,037-695788,
2,5944,A000098,美德傢俱有限公司,高朕慶,116臺北市文山區羅斯福路六段437號1樓,02-8663-3268,
2,5808,M000198,進萬機車行,張阿銀,545南投縣埔里鎮北門里西安路一段196號,049-2989515,
2,5808,M000196,大山機車行,林芳生,545南投縣埔里鎮中正路536之1號,049-2992690,
2,5808,M000190,大輪機車行,鍾儀,545南投縣埔里鎮中山路二段36號,049-2902512,
2,5808,M000186,竹山山葉機車行,江富承,557南投縣竹山鎮集山路三段817號,049-2642643,
2,5808,M000185,宏億機車行,邱天賜,545南投縣埔里鎮東門里中正路268號,049-2980913,
2,5808,D000325,YAMAHA_豪友機車行,林明華,701臺南市東區東寧路314號,06-2366737,
2,5609,N000393,鴻安車業有限公司,陳鴻文,500彰化縣彰化市中山路３段２９０號,04-7257565,
2,5381,E000618,文盛車業有限公司,邱俊傑,811高雄市楠梓區後昌路17號,(07)3623658,
2,5381,D000329,KYMCO_上錡車業有限公司,陳冠嘉,701臺南市東區中華東路二段121號,06-2606979,
2,5380,H001185,今盛機車行,李明峰,338桃園市蘆竹區南竹路2段119號,03-3226103,
2,5269,D000325,YAMAHA_豪友機車行,林明華,701臺南市東區東寧路314號,06-2366737,
2,5172,M000189,久久機車行,簡仙明,540南投縣南投市南崗三路210號,049-2252443,
2,5171,S000383,車中車車業股份有限公司,顏夙岑,830高雄市鳳山區中山東路99號,07-7416888,
2,5171,M000191,宏德機車行,林森城,557南投縣竹山鎮集山路三段930號,049-2645739,
2,5170,M000187,大埤機車行,李美華,540南投縣南投市大埤街120號,049-2325264,
2,5169,D000325,YAMAHA_豪友機車行,林明華,701臺南市東區東寧路314號,06-2366737,
2,5168,N000398,忠勝利機車行,曾慶忠,524彰化縣溪州鄉中山路三段３４９號,04-8895316,
2,5168,N000396,彰琦企業股份有限公司,張朝勝,505彰化縣鹿港鎮復興路２５２號,04-7770077,
2,5168,N000392,和平機車行,戴黃美容,510彰化縣員林市中山路２段２１號,04-8748093,
2,5168,N000387,全友輪業有限公司,賴逸郎,510彰化縣員林市中山路２段８５－１０號,04-8399899,
2,5168,N000365,耀祥輪業有限公司,黃建峰,508彰化縣和美鎮道周路７１３，７１５號,04-7558669,
2,5168,N000353,東光機車行,黃東圭,505彰化縣鹿港鎮彰鹿路５段６８號１樓,04-7773879,
2,5168,M000198,進萬機車行,張阿銀,545南投縣埔里鎮北門里西安路一段196號,049-2989515,
2,5168,M000185,宏億機車行,邱天賜,545南投縣埔里鎮東門里中正路268號,049-2980913,
2,5168,M000184,嘉順機車行,林嘉洲,544南投縣國姓鄉國姓路433-31號,049-2721911,
2,5168,D000325,YAMAHA_豪友機車行,林明華,701臺南市東區東寧路314號,06-2366737,
2,5167,N000398,忠勝利機車行,曾慶忠,524彰化縣溪州鄉中山路三段３４９號,04-8895316,
2,5167,N000395,金大新車業有限公司,施學桂,514彰化縣溪湖鎮福安路１８０號,04-8829781,
2,5167,N000392,和平機車行,戴黃美容,510彰化縣員林市中山路２段２１號,04-8748093,
2,5167,N000368,棋淵車業有限公司,邱素香,511彰化縣社頭鄉社斗路１段５０號,04-8736727,
2,5167,D000325,YAMAHA_豪友機車行,林明華,701臺南市東區東寧路314號,06-2366737,
2,5166,S000383,車中車車業股份有限公司,顏夙岑,830高雄市鳳山區中山東路99號,07-7416888,
2,127,B000001,遠百企業股份有限公司台中復興分公司,蔡旭仁,402臺中市南區復興路一段359號,04-22658686,
2,127,A000002,遠百企業股份有限公司忠孝分公司,王榮華,110臺北市信義區忠孝東路五段297號,02-25289388,
2,0506,T000338,環拓科技股份有限公司,蔡景裕,940屏東縣枋寮鄉永翔路25號,08-8663546,
1,皂福,F000103,芝農商行,賴麗美,252新北市三芝區中山路1段6號,26363111,
1,9947,D000342,KYMCO_尚德車業行,蔣紹銘,701臺南市東區崇善路200號,06-2696255,
1,9947,C000151,安捷車業行,黃仁珠,204基隆市安樂區基金一路361號1樓,02-24334299,
1,9947,C000140,宏達機車行,鄧尊仁,202基隆市中正區新豐街259號,02-24697638,
1,9946,C000175,合勝機車行,羅文雄,205基隆市暖暖區源遠路165-9號,02-24583883,
1,9946,C000147,鴻葉機車行,李明葉,202基隆市中正區中正路四六二號一樓,02-24620852,
1,9946,C000145,文禾機車行,陳碧玉,200基隆市仁愛區南榮路63號,02-24250076,
1,9946,C000144,立得機車行,謝文龍,202基隆市中正區正濱里中正路七五二號,02-24622588,
1,9945,C000151,安捷車業行,黃仁珠,204基隆市安樂區基金一路361號1樓,02-24334299,
1,9945,C000140,宏達機車行,鄧尊仁,202基隆市中正區新豐街259號,02-24697638,
1,9944,C000147,鴻葉機車行,李明葉,202基隆市中正區中正路四六二號一樓,02-24620852,
1,9944,C000145,文禾機車行,陳碧玉,200基隆市仁愛區南榮路63號,02-24250076,
1,9944,C000144,立得機車行,謝文龍,202基隆市中正區正濱里中正路七五二號,02-24622588,
1,9943,N000418,豐祥機車行,楊凱任,521彰化縣北斗鎮中山路一段331號,04-8875375,
1,9943,C000153,文誠車業行,王玉萍,204基隆市安樂區基金一路117號之6號1樓,02-24333255,
1,9943,C000139,長欣機車行,吳長駿,202基隆市中正區新豐街401號1樓,02-24693961,
1,9942,C000175,合勝機車行,羅文雄,205基隆市暖暖區源遠路165-9號,02-24583883,
1,9942,C000166,星福輪業行,陳根炎,206基隆市七堵區百三街27號,02-24512548,
1,9942,C000138,杰奇機車行,林文奇,205基隆市暖暖區八西里過港路252號1樓,02-24560719,
1,9941,Q000220,文欽機車行,何先生,613嘉義縣朴子市大同路174號,05-3798269,
1,9941,Q000183,明欣機車行,謝春貴,623嘉義縣溪口鄉溪東村和平街92號1樓,05-2692535,
1,9941,C000199,名豐輪業有限公司,簡金旺,200基隆市仁愛區南榮路57號,02-24223795,
1,9941,C000153,文誠車業行,王玉萍,204基隆市安樂區基金一路117號之6號1樓,02-24333255,
1,9941,C000147,鴻葉機車行,李明葉,202基隆市中正區中正路四六二號一樓,02-24620852,
1,9941,C000145,文禾機車行,陳碧玉,200基隆市仁愛區南榮路63號,02-24250076,
1,9941,C000144,立得機車行,謝文龍,202基隆市中正區正濱里中正路七五二號,02-24622588,
1,9940,C000166,星福輪業行,陳根炎,206基隆市七堵區百三街27號,02-24512548,
1,9940,C000138,杰奇機車行,林文奇,205基隆市暖暖區八西里過港路252號1樓,02-24560719,
1,9939,N000418,豐祥機車行,楊凱任,521彰化縣北斗鎮中山路一段331號,04-8875375,
1,9939,D000401,新益昌車行,邱聖佳,701臺南市東區崇德路659號之10,06-2681111,
1,9939,C000151,安捷車業行,黃仁珠,204基隆市安樂區基金一路361號1樓,02-24334299,
1,9939,C000140,宏達機車行,鄧尊仁,202基隆市中正區新豐街259號,02-24697638,
1,9939,C000139,長欣機車行,吳長駿,202基隆市中正區新豐街401號1樓,02-24693961,
1,9804,M000017,旺捷電腦有限公司,蕭素卿,542南投縣草屯鎮太平路二段149號,049-2313980,
1,970245,D000033,大同綜合訊電股份有限公司台南分公司開元展售中心,吳昆禧,704臺南市北區開元路351號,06-2376110,
1,970245,D000032,大同綜合訊電股份有限公司台南分公司東寧展售中心,張淑珠,701臺南市東區東寧路431號,06-2006622,
1,9702,D000339,YAMAHA_匯進機車行,林正豪,701臺南市東區崇學路259-3號,06-2691799,
1,9702,C000182,博文機車行,黃博文,200基隆市仁愛區南榮路261號,02-24223511,
1,9702,C000181,台順車業有限公司,黃家駿,205基隆市暖暖區水源路18-2號,02-24575151,
1,9702,C000167,新隆輪業有限公司,林漢定,202基隆市中正區祥豐街195號,02-24635105,
1,9702,C000164,旗成機車行,潘隆旗,206基隆市七堵區福三街16號,02-24520708,
1,9702,C000160,日揚車業有限公司,古慶章,203基隆市中山區西定路457號,02-24232472,
1,9702,C000143,德新車業有限公司,王英武,200基隆市仁愛區南榮路65號,02-24270196,
1,9701,D000405,信國機車行,杜秋藤,701臺南市東區東興路258號,062382155,
1,9701,C000162,馳機機車行,潘鴻隆,206基隆市七堵區福五街202號,02-24521945,
1,9701,C000158,玉昌機車有限公司,余素華,203基隆市中山區中山一路13號,02-24247816,
1,9701,C000152,政旺車業行,胡錦全,204基隆市安樂區基金二路21號,02-24301199,
1,9701,C000149,忠仁車業有限公司,許忠仁,204基隆市安樂區安樂路二段88號,02-24315151,
1,9701,C000148,隆興機車行,張茂興,204基隆市安樂區安一路214號,02-24273826,
1,9701,B000582,速可達車業行中科店,張凱傑,407臺中市西屯區福科路899號,04-24629368,
1,9700,Q000214,弘祥車業,陳俊旗,612嘉義縣太保市安仁里祥和三路東段37號,05-3625511,
1,9700,K000225,大潤發流通事業股份有限公司頭份分公司,林義晉,351苗栗縣頭份市自強路230號,037-592668-501,
1,9695,R000445,千益機車行,梁馭捷,710臺南市永康區永華路87.89號,062711847,
1,9695,C000182,博文機車行,黃博文,200基隆市仁愛區南榮路261號,02-24223511,
1,9695,C000181,台順車業有限公司,黃家駿,205基隆市暖暖區水源路18-2號,02-24575151,
1,9695,C000167,新隆輪業有限公司,林漢定,202基隆市中正區祥豐街195號,02-24635105,
1,9695,C000164,旗成機車行,潘隆旗,206基隆市七堵區福三街16號,02-24520708,
1,9695,C000163,暖暖全省機車行,王啟榮,205基隆市暖暖區暖暖街208號,02-24583450,
1,9695,C000160,日揚車業有限公司,古慶章,203基隆市中山區西定路457號,02-24232472,
1,9694,V000120,山葉車業行,黃俊穎,956臺東縣關山鎮和平路1-10號,(089)811158,
1,9694,R000444,健宏機車行,林永義,710臺南市永康區永大路2段913號,062322276,
1,9694,D000407,東慶機車行,黃聰傑,701臺南市東區崇德30街88號,062672730,
1,9694,D000405,信國機車行,杜秋藤,701臺南市東區東興路258號,062382155,
1,9694,C000162,馳機機車行,潘鴻隆,206基隆市七堵區福五街202號,02-24521945,
1,9694,C000152,政旺車業行,胡錦全,204基隆市安樂區基金二路21號,02-24301199,
1,9694,C000149,忠仁車業有限公司,許忠仁,204基隆市安樂區安樂路二段88號,02-24315151,
1,9694,C000148,隆興機車行,張茂興,204基隆市安樂區安一路214號,02-24273826,
1,9693,C000165,北都汽車股份有限公司大武崙分公司,高忠義,204基隆市安樂區武訓街92號,02-24337366,
1,960036,I000012,大同綜合訊電股份有限公司嘉義分公司,柳整鋒,600嘉義市公明路201號,05-2279182,
1,9566,R000422,南都汽車股份有限公司永大營業所,郭俊麟,710台南市永康區永大路三段302號,06-2014689,
1,9566,O000289,桃苗汽車股份有限公司-南新竹所,盧建成,300新竹市經國路三段123號,03-5303388,
1,9565,O000288,桃苗汽車股份有限公司-新竹營業所,張朝欽,300新竹市中華路二段33號,03-5326161,
1,9564,R000421,南都汽車股份有限公司歸仁營業所,曾勇欽,711台南市歸仁區南興里中山路三段313號,06-2395975,
1,9564,R000419,南都汽車股份有限公司北台南營業所,楊雨峰,710台南市永康區中正南路214號,06-2531031,
1,9564,Q000203,南都汽車股份有限公司民雄營業所,鐘瑞源,621嘉義縣民雄工業區中山路2-2號,05-2219311,
1,9564,K000219,桃苗汽車股份有限公司-苑裡營業所,黃錫國,358苗栗縣苑裡鎮新復里9鄰129-2號,037-866446,
1,9563,R000421,南都汽車股份有限公司歸仁營業所,曾勇欽,711台南市歸仁區南興里中山路三段313號,06-2395975,
1,9563,R000419,南都汽車股份有限公司北台南營業所,楊雨峰,710台南市永康區中正南路214號,06-2531031,
1,5444,F001732,萊爾富國際股份有限公司-北縣板館店,卓東平,220新北市板橋區公館街110號,02-66068688分機356,
1,5444,F001731,萊爾富國際股份有限公司-北縣阜康店,卓東平,220新北市板橋區僑中一街102巷7弄19號,02-66068688分機356,
1,5444,F001729,萊爾富國際股份有限公司-北縣飛和店,卓東平,235新北市中和區永和路343號,02-66068688分機356,
1,5444,F001723,萊爾富國際股份有限公司-北縣板莊店,卓東平,220新北市板橋區莊敬路248號,02-66068688分機356,
1,5444,F001719,萊爾富國際股份有限公司-北縣重鑫店,卓東平,"241新北市三重區大同南路153,153-1號",02-66068688分機356,
1,5444,F001713,萊爾富國際股份有限公司-北縣僑福二店,卓東平,220新北市板橋區中正路216巷25號,02-66068688分機356,
1,5444,F001707,萊爾富國際股份有限公司-北縣鶯歌店,卓東平,239新北市鶯歌區重慶街29號,02-66068688分機356,
1,5444,F001705,萊爾富國際股份有限公司-北縣重冠店,卓東平,241新北市三重區文化南路8號,02-66068688分機356,
1,5444,F001704,萊爾富國際股份有限公司-北縣五華二店,卓東平,241新北市三重區五華街72號,02-66068688分機356,
1,5444,F001700,萊爾富國際股份有限公司-北縣莊捷店,卓東平,242新北市新莊區中正路895-50號一樓,02-66068688分機356,
1,5444,F001698,萊爾富國際股份有限公司-北縣龍門二店,卓東平,241新北市三重區龍門路177號,02-66068688分機356,
1,5444,F001696,萊爾富國際股份有限公司-北縣成泰店,卓東平,248新北市五股區成泰路三段165號,02-66068688分機356,
1,5444,F001692,萊爾富國際股份有限公司-北縣新和店,卓東平,231新北市新店區安和路三段60之1號,02-66068688分機356,
1,5444,F001691,萊爾富國際股份有限公司-北縣樹俊店,卓東平,238新北市樹林區三俊街254號,02-66068688分機356,
1,5444,F001687,萊爾富國際股份有限公司-北縣重治店,卓東平,241新北市三重區中央南路93號,02-66068688分機356,
1,5444,F001680,萊爾富國際股份有限公司-北縣耕莘店,卓東平,231新北市新店區民族路112號(耕莘護專),02-66068688分機356,
1,5444,F001673,萊爾富國際股份有限公司-北縣汐福店,卓東平,221新北市汐止區福德一路270號,02-66068688分機356,
1,5444,F001672,萊爾富國際股份有限公司-北縣莊泰店,卓東平,242新北市新莊區瓊林里瓊泰路49號1樓,02-66068688分機356,
1,5444,E000532,萊爾富國際股份有限公司-高市高育店,卓東平,813高雄市左營區明華一路72號.辛亥路87號1樓,02-66068688分機356,
1,5444,E000526,萊爾富國際股份有限公司-高市復興店,卓東平,806高雄市前鎮區中山二路1號,02-66068688分機356,
1,5444,E000522,萊爾富國際股份有限公司-高市高旅店,卓東平,812高雄市小港區博學路579、581號,02-66068688分機356,
1,5444,E000521,萊爾富國際股份有限公司-高市高進店,卓東平,807高雄市三民區九如一路227號,02-66068688分機356,
1,5444,E000519,萊爾富國際股份有限公司-高市高富店,卓東平,813高雄市左營區富民路350號,02-66068688分機356,
1,5444,E000516,萊爾富國際股份有限公司-高市高永店,卓東平,806高雄市前鎮區二聖路183.185號,02-66068688分機356,
1,5444,E000512,萊爾富國際股份有限公司-高市東林店,卓東平,812高雄市小港區東林路12之5號,02-66068688分機356,
1,5444,E000504,萊爾富國際股份有限公司-高市美術東店,卓東平,804高雄市鼓山區美術東二路157號,02-66068688分機356,
1,5444,D000310,萊爾富國際股份有限公司-台南古堡店,卓東平,708臺南市安平區安北路405.407號,02-66068688分機356,
1,5444,D000309,萊爾富國際股份有限公司-台南南慶店,卓東平,702臺南市南區西門路一段277號1樓,02-66068688分機356,
1,5444,D000305,萊爾富國際股份有限公司-南市海安店,卓東平,704臺南市北區臨安路二段215號,02-66068688分機356,
1,5444,D000298,萊爾富國際股份有限公司-台南新建店,卓東平,702臺南市南區新建路37巷2號,02-66068688分機356,
1,5444,D000297,萊爾富國際股份有限公司-台南華文店,卓東平,702臺南市南區永華路269號&文南路349號,02-66068688分機356,
1,5444,C000132,萊爾富國際股份有限公司-基隆旭隆店,卓東平,200基隆市仁愛區精一路1號,02-66068688分機356,
1,5444,C000131,萊爾富國際股份有限公司-基隆隆鑽店,卓東平,203基隆市中山區港西街7號,02-66068688分機356,
1,5444,B000553,萊爾富國際股份有限公司-台中中居店,卓東平,408臺中市南屯區黎明路二段606巷45號,02-66068688分機356,
1,5444,B000549,萊爾富國際股份有限公司-台中中集店,卓東平,407臺中市西屯區福林里10鄰福科路541號1樓,02-66068688分機356,
1,5444,B000548,萊爾富國際股份有限公司-台中才益店,卓東平,403臺中市西區英才路510號,02-66068688分機356,
1,5444,B000547,萊爾富國際股份有限公司-台中中都店,卓東平,"407臺中市西屯區西屯路三段 173-25 號",02-66068688分機356,
1,5444,B000542,萊爾富國際股份有限公司-台中中宏店,卓東平,407臺中市西屯區西屯路三段158之50號,02-66068688分機356,
1,5444,B000540,萊爾富國際股份有限公司-台中東山二店,卓東平,"406臺中市北屯區東山路一段146,146之1號",02-66068688分機356,
1,5444,B000533,萊爾富國際股份有限公司-台中十甲東店,卓東平,"401臺中市東區十甲路442號,十甲東路665號",02-66068688分機356,
1,5444,B000528,萊爾富國際股份有限公司-台中美村南店,卓東平,"402臺中市南區美村南路261,263號",02-66068688分機356,
1,5444,B000519,萊爾富國際股份有限公司-台中中清店,卓東平,406臺中市北屯區中清路110-2號,02-66068688分機356,
1,5444,B000517,萊爾富國際股份有限公司-台中中大店,卓東平,402臺中市南區興大路300號1樓,02-66068688分機356,
1,5444,B000516,萊爾富國際股份有限公司-台中逢甲店,卓東平,407臺中市西屯區逢甲路2號,02-66068688分機356,
1,5444,B000514,萊爾富國際股份有限公司-台中文華店,卓東平,"407臺中市西屯區寧夏路221,223號",02-66068688分機356,
1,5444,A001438,萊爾富國際股份有限公司-北市關渡店,卓東平,112臺北市北投區知行路314號,02-66068688分機356,
1,5444,A001430,萊爾富國際股份有限公司-北市安孝店,卓東平,106臺北市大安區忠孝東路三段287號,02-66068688分機356,
1,5444,A001426,萊爾富國際股份有限公司-北市虎嘯店,卓東平,106臺北市大安區敦化南路二段174號,02-66068688分機356,
1,5444,A001415,萊爾富國際股份有限公司-北市港北店,卓東平,115臺北市南港區合成里中坡北路50巷1號1樓,02-66068688分機356,
1,5444,A001411,萊爾富國際股份有限公司-北市北商店,卓東平,100臺北市中正區濟南路一段321號五育樓B1（國立台北商業技術學院）,02-66068688分機356,
1,5444,A001404,萊爾富國際股份有限公司-北市萬和店,卓東平,108臺北市萬華區全德里民和街9號1樓,02-66068688分機356,
1,5444,A001397,萊爾富國際股份有限公司-北市正裕店,卓東平,100臺北市中正區忠孝西路50號1樓,02-66068688分機356,
1,5444,A001396,萊爾富國際股份有限公司-北市中國店,卓東平,116臺北市文山區興隆路三段56號(中國科技大學),02-66068688分機356,
1,5444,A001392,萊爾富國際股份有限公司-北市中山店,卓東平,104臺北市中山區中山北路二段137巷2號,02-66068688分機356,
1,5444,A001391,萊爾富國際股份有限公司-北市延壽店,卓東平,105臺北市松山區延壽街81號,02-66068688分機356,
1,5444,A001383,萊爾富國際股份有限公司-北市士大店,卓東平,111臺北市士林區大東路7號,02-66068688分機356,
1,5444,A001381,萊爾富國際股份有限公司-北市山華店,卓東平,104臺北市中山區長春路208號1樓,02-66068688分機356,
1,5444,A001374,萊爾富國際股份有限公司-北市港醫店,卓東平,115臺北市南港區同德路87號(忠孝醫院),02-66068688分機356,
1,5444,A001368,萊爾富國際股份有限公司-北市港東店,卓東平,115臺北市南港區南港路三段2號,02-66068688分機356,
1,5444,A001367,萊爾富國際股份有限公司-北市湖森店,卓東平,114臺北市內湖區湖元里瑞光路66巷33號,02-66068688分機356,
1,5444,A001366,萊爾富國際股份有限公司-北市民生店,卓東平,104臺北市中山區民生西路2號,02-66068688分機356,
1,5444,A001362,萊爾富國際股份有限公司-北市松運店,卓東平,105臺北市松山區敦化北路338號(捷運松山機場),02-66068688分機356,
1,5444,A001359,萊爾富國際股份有限公司-北市信誠店,卓東平,110臺北市信義區松山路537號及541巷1號,02-66068688分機356,
1,5444,A001347,萊爾富國際股份有限公司-北市迪化店,卓東平,103臺北市大同區迪化街一段50號,02-66068688分機356,
1,5444,A001343,萊爾富國際股份有限公司-北市民權二店,卓東平,105臺北市松山區民權東路五段32號,02-66068688分機356,
1,5444,A001340,萊爾富國際股份有限公司-北市北崗店,卓東平,112臺北市北投區桃園里中央北路三段44.46號,02-66068688分機356,
1,5444,A001338,萊爾富國際股份有限公司-北市承德店,卓東平,111臺北市士林區承德路四段80巷59號,02-66068688分機356,
1,5444,A001335,萊爾富國際股份有限公司-北市松遠店,卓東平,105臺北市松山區莊敬里撫遠街369巷36號,02-66068688分機356,
1,5444,A001330,萊爾富國際股份有限公司-北市新喜店,卓東平,104臺北市中山區德惠街167巷2號,02-66068688分機356,
1,5444,A001329,萊爾富國際股份有限公司-北市松永店,卓東平,110臺北市信義區永吉路280號,02-66068688分機356,
1,5444,A001328,萊爾富國際股份有限公司-北市湖鑽店,卓東平,114臺北市內湖區瑞光路502號,02-66068688分機356,
1,5444,A001326,萊爾富國際股份有限公司-北市榮輝店,卓東平,104臺北市中山區民權東路三段7號1樓,02-66068688分機356,
1,5444,A001324,萊爾富國際股份有限公司-北市民東店,卓東平,"114臺北市內湖區民權東路六段69,71,75號",02-66068688分機356,
1,5444,A001323,萊爾富國際股份有限公司-北市麥帥店,卓東平,114臺北市內湖區行善路33號,02-66068688分機356,
1,5444,A001318,萊爾富國際股份有限公司-北市湖運店,卓東平,114臺北市內湖區成功路四段186號(捷運內湖線內湖站),02-66068688分機356,
1,5444,A001307,萊爾富國際股份有限公司-北市德湖店,卓東平,114臺北市內湖區文湖街21巷16號1樓.地下室,02-66068688分機356,
1,5444,A001297,萊爾富國際股份有限公司-北市台泥店,卓東平,104臺北市中山區錦州街32號,02-66068688分機356,
1,5444,A001295,萊爾富國際股份有限公司-北市港漢店,卓東平,115臺北市南港區東明里南港路二段4號,02-66068688分機356,
1,5444,A001284,萊爾富國際股份有限公司-北市如意店,卓東平,"104臺北市中山區松江路28,30,30-1號",02-66068688分機356,
1,5444,A001280,萊爾富國際股份有限公司-北市同德店,卓東平,103臺北市大同區承德路三段290號,02-66068688分機356,
1,5444,A001279,萊爾富國際股份有限公司-北市和信店,卓東平,112臺北市北投區立德路125號(和信醫院),02-66068688分機356,
1,5444,A001275,萊爾富國際股份有限公司-北市同吉店,卓東平,103臺北市大同區昌吉街63號,02-66068688分機356,
1,5444,A001272,萊爾富國際股份有限公司-北市民權三店,卓東平,114臺北市內湖區民權東路六段90巷8號,02-66068688分機356,
1,5444,A001269,萊爾富國際股份有限公司-北市艋舺店,卓東平,108臺北市萬華區雙園街69號,02-66068688分機356,
1,5444,A001254,萊爾富國際股份有限公司-北市正東店,卓東平,100臺北市中正區紹興南街4-12號1樓,02-66068688分機356,
1,5444,A001253,萊爾富國際股份有限公司-北市安敦店,卓東平,106臺北市大安區仁愛路四段112巷7號,02-66068688分機356,
1,5444,A001251,萊爾富國際股份有限公司-北市堯湖店,卓東平,114臺北市內湖區港墘里江南街30號1樓,02-66068688分機356,
1,5444,A001249,萊爾富國際股份有限公司-北市基湖店,卓東平,114臺北市內湖區基湖路25號,02-66068688分機356,
1,5444,A001244,萊爾富國際股份有限公司-北市正慶店,卓東平,100臺北市中正區衡陽路103號,02-66068688分機356,
1,5444,A001243,萊爾富國際股份有限公司-北市信北店,卓東平,110臺北市信義區中坡北路17.19號1樓,02-66068688分機356,
1,5444,A001240,萊爾富國際股份有限公司-北市文武店,卓東平,116臺北市文山區羅斯福路五段203號1樓,02-66068688分機356,
1,5444,A001235,萊爾富國際股份有限公司-北市延吉二店,卓東平,106臺北市大安區延吉街130號,02-66068688分機356,
1,5428,A000001,遠百企業股份有限公司大直分公司,陳清文,104臺北市中山區敬業三路123號,02-77015168,
2,6271,N000372,采和車業有限公司,吳揚程,510彰化縣員林市中山路２段３６號,04-8321017,
2,5946,K000016,"台灣歐德傢俱連鎖事業 栗德傢俱生活館",黃文苓,351苗栗縣頭份市中華路1180號,037-695788,
2,5945,B000055,萊德傢俱生活館,林聘國,408臺中市南屯區文心路一段413號1樓,04-22540088,
2,5808,M000189,久久機車行,簡仙明,540南投縣南投市南崗三路210號,049-2252443,
2,5612,E000616,宏德車業行,王萬龍,812高雄市小港區平和路97號一樓,07-8319485,
2,5610,V000108,特昇機車行,王智輝,950臺東縣台東市更生北路58號,222197,
2,5607,V000113,順風機車行,陳進添,963臺東縣太麻里鄉,089-781129,
2,5605,E000616,宏德車業行,王萬龍,812高雄市小港區平和路97號一樓,07-8319485,
2,5383,D000329,KYMCO_上錡車業有限公司,陳冠嘉,701臺南市東區中華東路二段121號,06-2606979,
2,5257,P000257,全聯福利中心虎尾店,楊秋敏,632雲林縣虎尾鎮光復路503-8號1樓,05-6332513,
2,5172,M000192,三田機車行,簡永田,542南投縣草屯鎮中正路884號,049-2334961,
2,5172,M000190,大輪機車行,鍾儀,545南投縣埔里鎮中山路二段36號,049-2902512,
2,5172,M000187,大埤機車行,李美華,540南投縣南投市大埤街120號,049-2325264,
2,5172,M000186,竹山山葉機車行,江富承,557南投縣竹山鎮集山路三段817號,049-2642643,
2,5172,M000185,宏億機車行,邱天賜,545南投縣埔里鎮東門里中正路268號,049-2980913,
2,5172,M000184,嘉順機車行,林嘉洲,544南投縣國姓鄉國姓路433-31號,049-2721911,
2,5171,M000197,大明機車行,賴信二,540南投縣南投市民族路114號,049-2223520,
2,5171,M000185,宏億機車行,邱天賜,545南投縣埔里鎮東門里中正路268號,049-2980913,
2,5171,M000184,嘉順機車行,林嘉洲,544南投縣國姓鄉國姓路433-31號,049-2721911,
2,5169,S000383,車中車車業股份有限公司,顏夙岑,830高雄市鳳山區中山東路99號,07-7416888,
2,5169,H001185,今盛機車行,李明峰,338桃園市蘆竹區南竹路2段119號,03-3226103,
2,5168,N000383,隆盛機車行,蕭仲政,520彰化縣田中鎮員集路三段225號,04-8742093,
2,5168,N000382,瑞榮車業有限公司,陳家成,504彰化縣秀水鄉民主街２１５號,04-7697242,
2,5168,N000381,茂進機車行,許秋鄉,"500彰化縣彰化市茄南里 福馬街８，１０號",04-7355776,
2,5168,N000355,聯友車業行,張振旺,520彰化縣田中鎮員集路２段７６，７８號,04-8743339,
2,5167,S000383,車中車車業股份有限公司,顏夙岑,830高雄市鳳山區中山東路99號,07-7416888,
2,5167,N000383,隆盛機車行,蕭仲政,520彰化縣田中鎮員集路三段225號,04-8742093,
2,5167,N000382,瑞榮車業有限公司,陳家成,504彰化縣秀水鄉民主街２１５號,04-7697242,
2,5167,N000381,茂進機車行,許秋鄉,"500彰化縣彰化市茄南里 福馬街８，１０號",04-7355776,
2,5167,N000355,聯友車業行,張振旺,520彰化縣田中鎮員集路２段７６，７８號,04-8743339,
2,5166,N000365,耀祥輪業有限公司,黃建峰,508彰化縣和美鎮道周路７１３，７１５號,04-7558669,
2,127,R000001,遠百企業股份有限公司台南分公司_愛買,胡玉華,710臺南市永康區中正南路533號,06-2542532,
2,127,O000001,遠百企業股份有限公司新竹分公司,郭春雨,300新竹市-公道五路二段469號,03-6200071,
2,127,A000003,遠百企業股份有限公司景美分公司,陳傳宗,116臺北市文山區景中街30巷12號,02-29332088,
2,0506,T000303,陽輪車業有限公司,林素真,900屏東縣屏東市公園西路48號,08-7329958,
1,9947,P000325,正寅機車行,黃張英蘭,640雲林縣斗六市中山路389號,05-5325942,
1,9947,C000175,合勝機車行,羅文雄,205基隆市暖暖區源遠路165-9號,02-24583883,
1,9947,C000147,鴻葉機車行,李明葉,202基隆市中正區中正路四六二號一樓,02-24620852,
1,9947,C000145,文禾機車行,陳碧玉,200基隆市仁愛區南榮路63號,02-24250076,
1,9947,C000144,立得機車行,謝文龍,202基隆市中正區正濱里中正路七五二號,02-24622588,
1,9946,C000151,安捷車業行,黃仁珠,204基隆市安樂區基金一路361號1樓,02-24334299,
1,9946,C000140,宏達機車行,鄧尊仁,202基隆市中正區新豐街259號,02-24697638,
1,9945,C000175,合勝機車行,羅文雄,205基隆市暖暖區源遠路165-9號,02-24583883,
1,9945,C000147,鴻葉機車行,李明葉,202基隆市中正區中正路四六二號一樓,02-24620852,
1,5422,V000019,全國電子股份有限公司台東縣第一分公司,賴詩婷,950臺東縣臺東市更生路452號,03-8545099,
1,5422,V000017,全國電子股份有限公司台東縣第三分公司,賴詩婷,950臺東縣臺東市中華路一段385號,03-8545099,
1,5422,U000011,全國電子股份有限公司花蓮縣第五分公司,賴詩婷,970花蓮縣花蓮市中正路515、517號,03-8545099,
1,5422,T000010,全國電子股份有限公司屏東縣第九分公司,邱瑞容,900屏東縣屏東市廣東路682-2、684號,07-3878887#222,
1,5422,T000008,全國電子股份有限公司屏東縣第五分公司,邱瑞容,912屏東縣內埔鄉廣濟路219號,07-3878887#222,
1,5422,T000005,全國電子股份有限公司屏東縣第一分公司,邱瑞容,900屏東縣屏東市廣東路246號,07-3878887#222,
1,5422,S000021,全國電子股份有限公司高雄縣第三分公司,邱瑞容,830高雄市鳳山市中山東路151號1樓,07-3878887#222,
1,5422,S000018,全國電子股份有限公司高雄縣第十分公司,邱瑞容,821高雄市路竹區忠孝路55號1樓,07-6073968,
1,5422,S000014,全國電子股份有限公司高雄縣第四分公司,邱瑞容,842高雄市旗山鎮大同街2-2號1樓,07-3878887#222,
1,5422,R000044,全國電子股份有公司台南縣第六分公司_興中門市,邱瑞容,"721臺南市麻豆區保安里興中路 76 號",07-3878887,
1,5422,Q000006,全國電子股份有限公司嘉義縣第一分公司,邱瑞容,613嘉義縣朴子市山通路210、212號,07-3878887#222,
1,5422,N000026,全國電子股份有公司彰化縣第十四分公司,張淑華,508彰化縣和美鎮道周路171號,04-23591688#206,
1,5422,N000014,全國電子股份有限公司彰化縣第三分公司,張淑華,520彰化縣田中鎮東路里中州路一段194號,04-23591688#206,
1,5422,N000012,全國電子股份有限公司彰化縣第九分公司,張淑華,526彰化縣二林鎮南光里建興街96號,04-23591688#206,
1,5422,N000008,全國電子股份有限公司彰化縣第十二分公司,張淑華,510彰化縣員林市新生里莒光路316、318號,04-23591688#206,
1,5422,M000025,全國電子股份有公司南投縣第一分公司,張淑華,542南投縣草屯鎮碧山南路41號,04-23591688#206,
1,5422,M000005,全國電子股份有限公司南投縣第二分公司,張淑華,542南投縣草屯鎮和平里太平路二段331、333號,04-23591688#206,
1,5422,L000039,全國電子股份有限公司台中縣第二十三分公司,張淑華,428臺中市大雅區上雅村雅環路二段46號,04-23591688#206,
1,5422,L000036,全國電子股份有限公司台中縣第二十分公司,張淑華,414臺中市烏日區九德村中山路一段376、378號,04-23591688#206,
1,5422,L000035,全國電子股份有限公司台中縣第十九分公司,張淑華,411臺中市太平區新福里中山路四段163、165號,04-23591688#206,
1,5422,L000034,全國電子股份有限公司台中縣第十八分公司,張淑華,428臺中市大雅區文雅村中清南路253號,04-23591688#206,
1,5422,L000033,全國電子股份有限公司台中縣第十七分公司,張淑華,420臺中市豐原區豐西里中正路470號,04-23591688#206,
1,5422,L000031,全國電子股份有限公司台中縣第十二分公司,張淑華,413臺中市霧峰區甲寅村中正路1193、1195號,04-23591688#206,
1,5422,L000025,全國電子股份有限公司台中縣第十四分公司,張淑華,420臺中市豐原區北陽里圓環東路686、688、690號,04-23591688#206,
1,5422,K000015,全國電子股份有限公司苗栗縣第三分公司,王郁娟,351苗栗縣頭份市中華路1181號1樓,033521228,
1,5422,K000014,全國電子股份有限公司苗栗縣第五分公司,王郁娟,358苗栗縣苑裡鎮中山路115號1樓,033521228,
1,5422,K000008,全國電子股份有限公司苗栗縣第七分公司,王郁娟,356苗栗縣後龍鎮中山路113號,03-3570833#32,
1,5422,K000007,全國電子股份有限公司苗栗縣第四分公司,王郁娟,360苗栗縣苗栗市北苗里中華路201號,03-3570833#32,
1,5422,K000005,全國電子股份有限公司苗栗縣第一分公司,王郁娟,360苗栗縣苗栗市新東街13號,03-3570833#32,
1,5422,J000008,全國電子股份有限公司新竹縣第四分公司,王郁娟,305新竹縣新埔鄉中正路539號,03-3570833#32,
1,5422,I000008,全國電子股份有限公司嘉義市第三分公司,邱瑞容,600嘉義市吳鳳北路105號,07-3878887#222,
1,5422,G000021,全國電子股份有限公司宜蘭縣第九分公司,鄭宇辰,265宜蘭縣羅東鎮南門路18、18-1號,03-9540669,
1,5422,F002187,全國電子股份有限公司新北市第六十一分公司,張振仁,238新北市樹林區中華路2號,02-22989922-5302,
1,5422,F002183,全國電子股份有限公司新北市第六十五分公司,張振仁,"243新北市泰山區明志路三段188,190號",02-22989922-5302,
1,5422,F002182,全國電子股份有限公司新北市第六十三分公司,張振仁,234新北市永和區永和路一段122號,02-22989922-5302,
1,5422,F000139,全國電子股份有公司新北市第五十四分公司,張振仁,235新北市中和區員山路202.204號,02-22990328,
1,5422,F000077,全國電子股份有限公司新北市第四十三分公司,張振仁,220新北市板橋區新海路92號,02-22989922#5302,
1,5422,F000076,全國電子股份有限公司新北市第四十二分公司,張振仁,235新北市中和區景平路672、672-1、674、674-1號,02-22989922#5302,
1,5422,F000074,全國電子股份有限公司新北市第四十分公司,張振仁,234新北市永和區中山路一段134、136號,02-22989922#5302,
1,5422,F000066,全國電子股份有限公司新北市第二十二分公司,張振仁,235新北市中和區中山路三段185-189號,02-22989922#5302,
1,5422,F000061,全國電子股份有限公司新北市第七分公司,張振仁,220新北市板橋區中山路2段245號,02-22989922#5302,
1,5422,F000028,全國電子股份有限公司新北市第十六分公司,張振仁,242新北市新莊區幸福路602號,02-22989922#5302,
1,5422,F000027,全國電子股份有限公司新北市第五十一分公司,張振仁,242新北市新莊區新泰路276、278號,02-22989922#5302,
1,5422,F000024,全國電子股份有限公司新北市第三十九分公司,張振仁,242新北市新莊區中正路881-5、881-6號,02-22989922#5302,
1,5422,E000036,全國電子股份有限公司高雄市第二十六分公司,邱瑞容,807高雄市三民區覺民路561號,07-3878887#222,
1,5422,E000034,全國電子股份有限公司高雄市第十六分公司,邱瑞容,813高雄市左營區自由二路152號,07-3878887#222,
1,5422,E000029,全國電子股份有限公司高雄市第二十一分公司,邱瑞容,802高雄市苓雅區成功一路183、185號,07-3878887#222,
1,5422,E000020,全國電子股份有限公司高雄市第五分公司,邱瑞容,800高雄市新興區青年一路386號,07-3878887#222,
1,5422,D000010,全國電子股份有限公司台南市第十四分公司_東寧門市,邱盈敦,701臺南市東區東寧路425號,06-2091588,
1,5422,B000030,全國電子股份有限公司台中市第五分公司,張淑華,407臺中市西屯區何安里文心路三段70、72號,04-23591688#206,
1,5422,B000025,全國電子股份有限公司台中市第二十六分公司,張淑華,408臺中市南屯區同心里南屯路二段328號,04-23591688#206,
1,5422,B000022,全國電子股份有限公司台中市第十一分公司,張淑華,401臺中市東區振興里建成路700號,04-23591688#206,
1,5422,B000018,全國電子股份有限公司台中市第九分公司,張淑華,404臺中市北區光大里五權路267號及大雅路4、6號,04-23591688#206,
1,5422,B000017,全國電子股份有限公司台中市第二十二分公司,張淑華,404臺中市北區賴厝里大雅路436號,04-23591688#206,
1,5422,B000013,全國電子股份有限公司台中市第八分公司,戴良憲,406臺中市北屯區三光里北屯路178-5、178-6號,04-22353811,
1,5422,A000087,全國電子股份有公司台北市第二十六分公司,張振仁,105臺北市松山區民生東路五段72號,02-22989922-5302,
1,5422,A000075,全國電子股份有限公司台北市第三十六分公司,張振仁,104臺北市中山區北安路577號,02-22989922#5302,
1,5422,A000074,全國電子股份有限公司台北市第十八分公司,張振仁,116臺北市文山區羅斯福路5段238號1-2樓,02-22989922#5302,
1,5422,A000069,全國電子股份有限公司台北市第二十九分公司,張振仁,112臺北市北投區泉源路12-1號,02-22989922#5302,
1,5422,A000067,全國電子股份有限公司台北市第三十一分公司,張振仁,105臺北市松山區南京東路5段46號,02-22989922#5302,
1,5422,A000063,全國電子股份有限公司台北市第二十一分公司,張振仁,108臺北市萬華區中華路二段436號,02-22989922#5302,
1,5422,A000061,全國電子股份有限公司台北市第七分公司,張振仁,115臺北市南港區忠孝東路5段984號,02-22989922#5302,
1,5422,A000058,全國電子股份有限公司台北市第三十四分公司,張振仁,108臺北市萬華區萬大路241號,02-22989922#5302,
1,5422,A000056,全國電子股份有限公司台北市第四十五分公司,張振仁,116臺北市文山區景興路217號,02-22989922#5302,
1,5422,A000052,全國電子股份有限公司台北市第四十二分公司,張振仁,111臺北市士林區德行東路226號,02-22989922#5302,
1,5422,A000051,全國電子股份有限公司台北市第二十三分公司,張振仁,111臺北市士林區福佳里文林路448號,02-22989922#5302,
1,5421,U000008,全國電子股份有限公司花蓮縣第二分公司,賴詩婷,973花蓮縣吉安鄉建國路一段137之2號,03-8545099,
1,5421,T000006,全國電子股份有限公司屏東縣第四分公司,邱瑞容,928屏東縣東港鎮中山路54-2號,07-3878887#222,
1,5421,S000019,全國電子股份有限公司高雄縣第八分公司,邱瑞容,830高雄市鳳山市鳳松路73號1樓,07-3878887#222,
1,5421,S000016,全國電子股份有限公司高雄縣第十一分公司,邱瑞容,830高雄市鳳山市五甲一路131號1樓,07-3878887#222,
1,5421,N000011,全國電子股份有限公司彰化縣第十六分公司,張淑華,505彰化縣鹿港鎮景福里民族路83號,04-23591688#206,
1,5421,M000009,全國電子股份有限公司南投縣第七分公司,張淑華,540南投縣南投市三和里三和三路31號,04-23591688#206,
1,5421,M000006,全國電子股份有限公司南投縣第六分公司,張淑華,545南投縣埔里鎮西門里中正路562號,04-23591688#206,
1,5421,L000040,全國電子股份有限公司台中縣第二十四分公司,張淑華,420臺中市豐原區豐榮里三民路192號,04-23591688#206,
1,5421,L000027,全國電子股份有限公司台中縣第五分公司,張淑華,423臺中市東勢區中寧里豐勢路492號,04-23591688#206,
1,5421,K000004,全國電子股份有限公司苗栗縣第八分公司,王郁娟,351苗栗縣頭份市苗栗縣頭份市中正路122號,03-3570833#32,
1,5421,I000011,全國電子股份有限公司嘉義市第六分公司,邱瑞容,600嘉義市興業西路317號,07-3878887#222,
1,5421,I000009,全國電子股份有限公司嘉義市第四分公司,邱瑞容,600嘉義市林森西路101號,07-3878887#222,
1,5421,G000024,全國電子股份有限公司宜蘭縣第二分公司,黃彥士,260宜蘭縣宜蘭市中山路三段122、124、126號,03-9351499,
1,5421,G000019,全國電子股份有限公司宜蘭縣第三分公司,林志明,265宜蘭縣羅東鎮興東路137、139號,03-9573523,
1,5421,F002186,全國電子股份有限公司新北市第六十七分公司,張振仁,242新北市新莊區民安西路135號,02-22989922-5302,
1,5421,F002185,全國電子股份有限公司新北市第六十二分公司,張振仁,235新北市中和區圓通路295之3號,02-22989922-5302,
1,5421,F000133,全國電子股份有公司新北市第五十三分公司,張振仁,221新北市汐止區中興路145號,02-22989922#5302,
1,5421,F000131,全國電子股份有公司新北市第三十分公司,張振仁,248新北市五股區工商路72號,02-22990328,
1,5421,F000078,全國電子股份有限公司新北市第三十七分公司,張振仁,220新北市板橋區溪北路2號,02-22989922#5302,
1,5421,F000068,全國電子股份有限公司新北市第二十七分公司,張振仁,235新北市中和區得和路403號,02-22989922#5302,
1,5421,F000067,全國電子股份有限公司新北市第二十五分公司,張振仁,235新北市中和區中和路175號,02-22989922#5302,
1,5421,F000063,全國電子股份有限公司新北市第十分公司,張振仁,234新北市永和區竹林路100號,02-22989922#5302,
1,5421,F000058,全國電子股份有限公司新北市第二十三分公司,張振仁,247新北市蘆洲區三民路10號,02-22989922#5302,
1,5421,F000057,全國電子股份有限公司新北市第十八分公司,張振仁,241新北市三重區三和路四段147號,02-22989922#5302,
1,5421,F000055,全國電子股份有限公司新北市第五分公司,張振仁,243新北市泰山區明志路一段354號,02-22989922#5302,
1,5421,F000025,全國電子股份有限公司新北市第三十八分公司,張振仁,242新北市新莊區建安街117、119號,02-22989922#5302,
1,5421,F000022,全國電子股份有限公司新北市第三分公司,張振仁,231新北市新店區安康路二段196號,02-22989922#5302,
1,5421,F000018,全國電子股份有限公司新北市第十四分公司,張振仁,242新北市新莊區後港一路62號,02-22989922#5302,
1,5421,E000043,全國電子股份有公司高雄市第十一分公司,邱瑞容,812高雄市小港區漢民路291之1號,07-3878887,
1,5421,E000042,全國電子股份有公司高雄市第八分公司,邱瑞容,802高雄市苓雅區建國一路167號,07-3878887,
1,5421,E000033,全國電子股份有限公司高雄市第二十三分公司,邱瑞容,804高雄市鼓山區華榮路366號,07-3878887#222,
1,5421,E000030,全國電子股份有限公司高雄市第二十二分公司,邱瑞容,807高雄市三民區熱河二街62號,07-3878887#222,
1,5421,E000022,全國電子股份有限公司高雄市第十分公司,邱瑞容,811高雄市楠梓區楠梓新路228、230號,07-3878887#222,
1,5421,E000021,全國電子股份有限公司高雄市第九分公司,邱瑞容,806高雄市前鎮區瑞隆路316、318號,07-3878887#222,
1,5421,E000018,全國電子股份有限公司高雄市第一分公司,邱瑞容,803高雄市鹽埕區五福四路106號,07-3878887#222,
1,5421,C000006,全國電子股份有限公司基隆市第二分公司,張振仁,203基隆市中山區安一路17號,02-22989922#5302,
1,5421,B000052,全國電子股份有公司台中市第二十七分公司,張淑華,403臺中市西區向上路一段297號,04-23591688#206,
1,5421,B000051,全國電子股份有公司台中市第二十三分公司,張淑華,407臺中市西屯區西屯路三段150-43號1樓,04-23591688#206,
1,5421,B000031,全國電子股份有限公司台中市第二十一分公司,張淑華,407臺中市西屯區逢甲里河南路二段317號,04-23591688#206,
1,5421,B000028,全國電子股份有限公司台中市第二十五分公司,張淑華,408臺中市南屯區惠中里大墩路486號,04-23591688#206,
1,5421,B000027,全國電子股份有限公司台中市第二分公司,張淑華,408臺中市南屯區溝墘里文心路一段430、432號,04-23591688#206,
1,5421,B000015,全國電子股份有限公司台中市第二十四分公司,張淑華,406臺中市北屯區平和里文心路四段581號,04-23591688#206,
1,5421,A000097,全國電子股份有公司台北市第五十分公司,張振仁,111台北市士林區延平北路五段250.252號,02-28105268,
1,5421,A000088,全國電子股份有公司台北市第四十八分公司,張振仁,100臺北市中正區新生南路一段102號,02-22989922-5302,
1,5421,A000086,全國電子股份有公司台北市第三十三分公司,張振仁,103臺北市大同區酒泉街111號,02-22989922-5302,
1,5421,A000073,全國電子股份有限公司台北市第八分公司,張振仁,116臺北市文山區興隆路2段333號,02-22989922#5302,
1,5421,A000072,全國電子股份有限公司台北市第一分公司,張振仁,112臺北市北投區中央北路1段138號,02-22989922#5302,
1,5421,A000065,全國電子股份有限公司台北市第五分公司,張振仁,106臺北市大安區通化街26號,02-22989922#5302,
1,5421,A000060,全國電子股份有限公司台北市第十五分公司,張振仁,114臺北市內湖區東湖路84號,02-22989922#5302,
1,5396,T000234,萊爾富國際股份有限公司-屏縣大仁店,卓東平,907屏東縣鹽埔鄉新二村維新路20號(大仁技術學院),02-66068688分機356,
1,5396,S000365,萊爾富國際股份有限公司-鳳山五福店,卓東平,830高雄市鳳山市五福二路82號,02-66068688分機356,
1,5396,S000364,萊爾富國際股份有限公司-鳳山錦德店,卓東平,830高雄市鳳山市八德路203號,02-66068688分機356,
1,5396,S000360,萊爾富國際股份有限公司-高縣高明店,卓東平,831高雄市大寮區過溪村光明路一段1237號,02-66068688分機356,
1,5396,S000359,萊爾富國際股份有限公司-高縣高林店,卓東平,832高雄市林園區忠孝西路３５號及福興街１８２號,02-66068688分機356,
1,5396,S000352,萊爾富國際股份有限公司-高縣潮寮店,卓東平,831高雄市大寮區潮寮村華中南路8之1號,02-66068688分機356,
1,5396,S000349,萊爾富國際股份有限公司-高縣高路店,卓東平,821高雄市路竹區中正路31號1樓,02-66068688分機356,
1,5396,S000342,萊爾富國際股份有限公司-高縣鳳林店,卓東平,831高雄市大寮區鳳林三路103號,02-66068688分機356,
1,5396,S000340,萊爾富國際股份有限公司-高縣光明店,卓東平,831高雄市大寮區大寮路830號,02-66068688分機356,
1,5396,S000336,萊爾富國際股份有限公司-高縣鼎仁店,卓東平,814高雄市仁武區仁雄路467號,02-66068688分機356,
1,5396,S000335,萊爾富國際股份有限公司-高縣高金店,卓東平,831高雄市大寮區林厝路96號,02-66068688分機356,
1,5396,S000333,萊爾富國際股份有限公司-高縣高建店,卓東平,832高雄市林園區東林西路366號1樓,02-66068688分機356,
1,5396,S000332,萊爾富國際股份有限公司-高縣神農店,卓東平,833高雄市鳥松區仁美村神農路720-1號,02-66068688分機356,
1,5396,S000327,萊爾富國際股份有限公司-鳳山高頂店,卓東平,830高雄市鳳山市鳳頂路171號,02-66068688分機356,
1,5396,R000384,萊爾富國際股份有限公司-永康雙正店,卓東平,710臺南市永康區鹽行里9鄰中正路347號,02-66068688分機356,
1,5396,R000383,萊爾富國際股份有限公司-南縣大潭店,卓東平,724臺南市七股區大潭村台潭25號,02-66068688分機356,
1,5396,R000379,萊爾富國際股份有限公司-永康中正店,吳佩瑾,710臺南市永康區中正路581號,06-2422914,
1,5396,R000371,萊爾富國際股份有限公司-永康洲尾店,卓東平,710臺南市永康區中正南路649號,02-66068688分機356,
1,5396,Q000167,萊爾富國際股份有限公司-嘉縣大林店,卓東平,622嘉義縣大林鎮平林里6鄰下潭底23-5號,02-66068688分機356,
1,5396,Q000165,萊爾富國際股份有限公司-嘉縣嘉月店,卓東平,616嘉義縣新港鄉月眉村127.128之1號,02-66068688分機356,
1,5396,Q000160,萊爾富國際股份有限公司-嘉縣嘉路店,卓東平,602嘉義縣番路鄉下坑村下坑46號1樓,02-66068688分機356,
1,5396,Q000159,萊爾富國際股份有限公司-嘉縣嘉昱店,卓東平,614嘉義縣東石鄉猿樹村145之1號1樓,02-66068688分機356,
1,5396,Q000157,萊爾富國際股份有限公司-太保嘉保店,卓東平,612嘉義縣太保市前潭里後潭175號1樓,02-66068688分機356,
1,5396,Q000156,萊爾富國際股份有限公司-嘉縣中坑店,卓東平,622嘉義縣大林鎮沙崙1號(中坑營區248營站),02-66068688分機356,
1,5396,Q000154,萊爾富國際股份有限公司-嘉縣嘉樂店,卓東平,603嘉義縣梅山鄉梅北村中山路296號,02-66068688分機356,
1,5396,Q000151,萊爾富國際股份有限公司-太保嘉太店,卓東平,612嘉義縣太保市麻太路200~202號,02-66068688分機356,
1,5396,P000198,萊爾富國際股份有限公司-雲縣雲好店,卓東平,"647雲林縣莿桐鄉義和村三和路137-1,137-2號",02-66068688分機356,
1,5396,O000255,萊爾富國際股份有限公司-新竹民族店,卓東平,"300新竹市東區民族路74號,民權路72號",02-66068688分機356,
1,5396,O000250,萊爾富國際股份有限公司-新竹竹恩店,卓東平,300新竹市東區武昌街79號.文昌街69號,02-66068688分機356,
1,5396,O000249,萊爾富國際股份有限公司-新竹竹冠店,卓東平,300新竹市東區東門街78號,02-66068688分機356,
1,5396,O000247,萊爾富國際股份有限公司-新竹竹橋店,卓東平,300新竹市東區明湖路712號,02-66068688分機356,
1,5396,O000245,萊爾富國際股份有限公司-新竹建中店,卓東平,300新竹市東區建中一路2號,02-66068688分機356,
1,5396,O000244,萊爾富國際股份有限公司-新竹竹勇店,卓東平,300新竹市北區中和路146號,02-66068688分機356,
1,5396,O000233,萊爾富國際股份有限公司-新竹竹塹店,卓東平,300新竹市北區中山路414號,02-66068688分機356,
1,5396,O000232,萊爾富國際股份有限公司-新竹竹諺店,卓東平,300新竹市北區中華路三段88號,02-66068688分機356,
1,5396,O000227,萊爾富國際股份有限公司-新竹竹高店,卓東平,300新竹市東區高峰路1號,02-66068688分機356,
1,5396,O000226,萊爾富國際股份有限公司-新竹東南店,卓東平,300新竹市東區東南街42號,02-66068688分機356,
1,5396,O000221,萊爾富國際股份有限公司-新竹竹旺店,卓東平,300新竹市東區光復路二段275-1號1樓,02-66068688分機356,
1,5396,O000218,萊爾富國際股份有限公司-新竹聯發店,卓東平,300新竹市科學園區篤行一路1號,02-66068688分機356,
1,5396,O000209,萊爾富國際股份有限公司-新竹成功店,卓東平,300新竹市北區成功路163號,02-66068688分機356,
1,5396,O000206,萊爾富國際股份有限公司-新竹科學店,卓東平,300新竹市東區力行一路12號(力晶一廠),02-66068688分機356,
1,5396,N000295,萊爾富國際股份有限公司-鹿港彰鼎店,卓東平,505彰化縣鹿港鎮頂草路一段106號,02-66068688#356,
1,5396,M000167,萊爾富國際股份有限公司-南投員集店,卓東平,551南投縣名間鄉濁水村員集路33-17號,02-66068688分機356,
1,5396,M000160,萊爾富國際股份有限公司-南投投興店,卓東平,540南投縣南投市光華十路6-1號,02-66068688分機356,
1,5396,L000662,萊爾富國際股份有限公司-中縣中燕店,卓東平,436臺中市清水區民族路二段368號,02-66068688分機356,
1,5396,L000657,萊爾富國際股份有限公司-中縣雅環店,卓東平,428臺中市大雅區雅環路二段346、348號,02-66068688分機356,
1,5396,L000656,萊爾富國際股份有限公司-太平永成店,卓東平,411臺中市太平區永豐路258號,02-66068688分機356,
1,5396,L000651,萊爾富國際股份有限公司-中縣豐洲店,卓東平,429臺中市神岡區大洲路2-3號,02-66068688分機356,
1,5396,L000648,萊爾富國際股份有限公司-中縣中冠店,卓東平,421臺中市后里區甲后路897號,02-66068688分機356,
1,5396,L000639,萊爾富國際股份有限公司-中縣清泉店,卓東平,428臺中市大雅區中清路四段600號(清泉崗空軍基地),02-66068688分機356,
1,5396,L000632,萊爾富國際股份有限公司-中縣神大店,卓東平,429臺中市神岡區庄前村6鄰神林路88-6號,02-66068688分機356,
1,5396,L000629,萊爾富國際股份有限公司-中縣中幼店,卓東平,437臺中市大甲區中山路二段584-5號1.2樓,02-66068688分機356,
1,5396,L000628,萊爾富國際股份有限公司-中縣中佳店,卓東平,414臺中市烏日區中山路一段218號,02-66068688分機356,
1,5396,L000623,萊爾富國際股份有限公司-大里東榮店,汪林祥,412臺中市大里區東榮路358號,04-24815907,
1,5396,L000619,萊爾富國際股份有限公司-太平中光店,卓東平,411臺中市太平區光興路2288號1樓,02-66068688分機356,
1,5396,L000611,萊爾富國際股份有限公司-中縣中潭店,卓東平,428臺中市大雅區雅潭路182號,02-66068688分機356,
1,5396,K000200,萊爾富國際股份有限公司-苗縣苗苑店,卓東平,358苗栗縣苑裡鎮新復里九鄰新復123-13號,02-66068688分機356,
1,5396,K000199,萊爾富國際股份有限公司-苗栗國華店,卓東平,360苗栗縣苗栗市國華路311號,02-66068688分機356,
1,5396,K000197,萊爾富國際股份有限公司-苗縣五谷店,卓東平,363苗栗縣公館鄉五谷村213號,02-66068688分機356,
1,5396,K000196,萊爾富國際股份有限公司-苗栗南苗店,卓東平,360苗栗縣苗栗市中正路855號,02-66068688分機356,
1,5396,K000194,萊爾富國際股份有限公司-苗縣苑裡二店,卓東平,358苗栗縣苑裡鎮為公路67號,02-66068688分機356,
1,5396,K000189,萊爾富國際股份有限公司-苗縣苗學店,卓東平,361苗栗縣造橋鄉學府路99號1樓(育達技術學院外),02-66068688分機356,
1,5396,K000186,萊爾富國際股份有限公司-苗縣斗煥坪店,卓東平,351苗栗縣頭份市斗煥里199-1號(斗煥坪營區146營站),02-66068688分機356,
1,5396,K000183,萊爾富國際股份有限公司-苗栗府前店,卓東平,360苗栗縣苗栗市建功里21鄰府前路177號,02-66068688分機356,
1,5396,K000180,萊爾富國際股份有限公司-苗縣苗銅店,卓東平,366苗栗縣銅鑼鄉中正路96號1.2樓,02-66068688分機356,
1,5396,K000176,萊爾富國際股份有限公司-苗縣頂埔店,卓東平,350苗栗縣竹南鎮中華路4號,02-66068688分機356,
1,5396,K000171,萊爾富國際股份有限公司-苗縣近光店,卓東平,363苗栗縣公館鄉近光路92號,02-66068688分機356,
1,5396,J000204,萊爾富國際股份有限公司-竹縣新豐三店,卓東平,304新竹縣新豐鄉康樂路一段110號,02-66068688分機356,
1,5396,J000198,萊爾富國際股份有限公司-竹北竹裕店,卓東平,302新竹縣竹北市中山路413號,02-66068688分機356,
1,5396,J000194,萊爾富國際股份有限公司-竹縣竹陞店,卓東平,304新竹縣新豐鄉池府路69號,02-66068688分機356,
1,5396,J000191,萊爾富國際股份有限公司-竹北北愛店,卓東平,302新竹縣竹北市博愛街762號,02-66068688分機356,
1,5396,J000188,萊爾富國際股份有限公司-竹北東興店,卓東平,302新竹縣竹北市東興路二段6、8號,02-66068688分機356,
1,5396,J000186,萊爾富國際股份有限公司-竹北北燿店,卓東平,302新竹縣竹北市博愛街710號,02-66068688分機356,
1,5396,J000185,萊爾富國際股份有限公司-竹北北台店,卓東平,302新竹縣竹北市莊敬北路130號1樓,02-66068688分機356,
1,5396,J000183,萊爾富國際股份有限公司-竹縣明新店,卓東平,304新竹縣新豐鄉新興路1號(明新技術學院),02-66068688分機356,
1,5396,J000182,萊爾富國際股份有限公司-竹北竹鳳店,卓東平,302新竹縣竹北市鳳岡路三段260號1樓,02-66068688分機356,
1,5396,J000175,萊爾富國際股份有限公司-竹縣富華店,卓東平,307新竹縣芎林鄉文山路143號,02-66068688分機356,
1,5396,J000172,萊爾富國際股份有限公司-竹縣竹鑽店,卓東平,303新竹縣湖口鄉德和路76巷2號,02-66068688分機356,
1,5396,J000170,萊爾富國際股份有限公司-竹縣湖德店,卓東平,303新竹縣湖口鄉明德街243號,02-66068688分機356,
1,5396,J000160,萊爾富國際股份有限公司-竹北北莊店,卓東平,302新竹縣竹北市莊敬五街１３號,02-66068688分機356,
1,5396,J000159,萊爾富國際股份有限公司-竹縣竹蓮店,卓東平,303新竹縣湖口鄉中平路一段368號1F,02-66068688分機356,
1,5396,I000147,萊爾富國際股份有限公司-嘉義站前店,卓東平,600嘉義市西區仁愛路584號,02-66068688分機356,
1,5396,H001111,聯勤聯合後勤司令部林口副供站,向從鍵,333桃園市龜山區文化二路18巷6-1號,03-3180142,
1,5396,H001107,萊爾富國際股份有限公司-桃市桃都店,卓東平,桃園市樹仁二街50號,02-66068688分機356,
1,5396,H001102,萊爾富國際股份有限公司-桃縣桃燿店,卓東平,333桃園市龜山區頂湖路23號,02-66068688分機356,
1,5396,H001100,萊爾富國際股份有限公司-八德桃爾店,卓東平,334桃園市八德區廣福路281.283號,02-66068688分機356,
1,5396,H001097,萊爾富國際股份有限公司-桃縣桃石店,卓東平,335桃園市大溪區石園路6、8、10號,02-66068688分機356,
1,5396,H001088,萊爾富國際股份有限公司-平鎮平東店,卓東平,324桃園市平鎮區龍安路141號,02-66068688分機356,
1,5396,H001070,萊爾富國際股份有限公司-桃縣桃品店,卓東平,337桃園市大園區三民路二段591.593號2樓,02-66068688分機356,
1,5396,H001063,萊爾富國際股份有限公司-桃縣楊賀店,卓東平,326桃園市楊梅區幼獅路二段1號,02-66068688分機356,
1,5396,H001061,萊爾富國際股份有限公司-桃市桃亨店,卓東平,330桃園市桃園區大興西路二段8號,02-66068688分機356,
1,5396,H001054,萊爾富國際股份有限公司-桃縣桃勇店,卓東平,334桃園市八德區東勇街402號,02-66068688分機356,
1,5396,H001051,萊爾富國際股份有限公司-桃市桃雄店,卓東平,330桃園市桃園區大有路128號,02-66068688分機356,
1,5396,H001049,萊爾富國際股份有限公司-桃市桃法店,卓東平,330桃園市桃園區健行路103號壹樓,02-66068688分機356,
1,5396,H001035,萊爾富國際股份有限公司-桃市青溪店,卓東平,"330桃園市桃園區中山東路153號,自強路2號",02-66068688分機356,
1,5396,H001032,萊爾富國際股份有限公司-桃縣桃高店,卓東平,333桃園市龜山區文化一路73號1.2樓,02-66068688分機356,
1,5396,H001030,萊爾富國際股份有限公司-桃縣桃濱店,卓東平,327桃園市新屋區中山西路三段650號1樓,02-66068688分機356,
1,5396,H001027,萊爾富國際股份有限公司-桃縣新醫店,卓東平,325桃園市龍潭區中豐路高平段418號(新生醫校),02-66068688分機356,
1,5396,H001012,萊爾富國際股份有限公司-桃市桃平店,卓東平,330桃園市桃園區南平路280.282號1樓,02-66068688分機356,
1,5396,H001008,萊爾富國際股份有限公司-桃縣海口店,卓東平,337桃園市大園區國際路三段581號,02-66068688分機356,
1,5396,H001006,萊爾富國際股份有限公司-桃縣達創店,卓東平,333桃園市龜山區山鶯路252號B1(達創科技股份有限公司地下室一樓),02-66068688分機356,
1,5396,H001001,萊爾富國際股份有限公司-八德霄裡店,卓東平,334桃園市八德區長興路773、775號,02-66068688分機356,
1,5396,H000985,萊爾富國際股份有限公司-桃縣觀坪店,卓東平,328桃園市觀音區忠愛路三段2號,02-66068688分機356,
1,5396,H000984,萊爾富國際股份有限公司-中壢桃雙店,卓東平,320桃園市中壢區中山東路三段282號,02-66068688分機356,
1,5396,H000981,萊爾富國際股份有限公司-中壢龍岡店,卓東平,320桃園市中壢區龍岡路3段117號,02-66068688分機356,
1,5396,H000980,萊爾富國際股份有限公司-桃縣桃魏店,卓東平,325桃園市龍潭區中豐路596號1樓,02-66068688分機356,
1,5396,H000976,萊爾富國際股份有限公司-桃縣園青店,卓東平,337桃園市大園區中正東路二段653號,02-66068688分機356,
1,5396,H000975,萊爾富國際股份有限公司-八德德利店,卓東平,334桃園市八德區力行街117之1號1F,02-66068688分機356,
1,9945,C000145,文禾機車行,陳碧玉,200基隆市仁愛區南榮路63號,02-24250076,
1,9945,C000144,立得機車行,謝文龍,202基隆市中正區正濱里中正路七五二號,02-24622588,
1,9944,D000342,KYMCO_尚德車業行,蔣紹銘,701臺南市東區崇善路200號,06-2696255,
1,9944,C000151,安捷車業行,黃仁珠,204基隆市安樂區基金一路361號1樓,02-24334299,
1,9944,C000140,宏達機車行,鄧尊仁,202基隆市中正區新豐街259號,02-24697638,
1,9943,P000340,永裕機車行,彭品,640雲林縣斗六市雲林路1段164號,05-5325452,
1,9943,C000175,合勝機車行,羅文雄,205基隆市暖暖區源遠路165-9號,02-24583883,
1,9943,C000166,星福輪業行,陳根炎,206基隆市七堵區百三街27號,02-24512548,
1,9942,N000418,豐祥機車行,楊凱任,521彰化縣北斗鎮中山路一段331號,04-8875375,
1,9942,D000401,新益昌車行,邱聖佳,701臺南市東區崇德路659號之10,06-2681111,
1,9942,C000199,名豐輪業有限公司,簡金旺,200基隆市仁愛區南榮路57號,02-24223795,
1,9942,C000153,文誠車業行,王玉萍,204基隆市安樂區基金一路117號之6號1樓,02-24333255,
1,9942,C000139,長欣機車行,吳長駿,202基隆市中正區新豐街401號1樓,02-24693961,
1,9941,J000264,榮盛輪業,黃清驛,302新竹縣竹北市三民路190號,03-5552238,
1,9941,D000342,KYMCO_尚德車業行,蔣紹銘,701臺南市東區崇善路200號,06-2696255,
1,9941,C000151,安捷車業行,黃仁珠,204基隆市安樂區基金一路361號1樓,02-24334299,
1,9941,C000140,宏達機車行,鄧尊仁,202基隆市中正區新豐街259號,02-24697638,
1,9941,C000138,杰奇機車行,林文奇,205基隆市暖暖區八西里過港路252號1樓,02-24560719,
1,9940,G000267,國陽機車行,劉武澤,270宜蘭縣蘇澳鎮中山路一段134號,03-9963766,
1,9940,C000153,文誠車業行,王玉萍,204基隆市安樂區基金一路117號之6號1樓,02-24333255,
1,9940,C000147,鴻葉機車行,李明葉,202基隆市中正區中正路四六二號一樓,02-24620852,
1,9939,C000175,合勝機車行,羅文雄,205基隆市暖暖區源遠路165-9號,02-24583883,
1,9939,C000147,鴻葉機車行,李明葉,202基隆市中正區中正路四六二號一樓,02-24620852,
1,9939,C000144,立得機車行,謝文龍,202基隆市中正區正濱里中正路七五二號,02-24622588,
1,9939,C000138,杰奇機車行,林文奇,205基隆市暖暖區八西里過港路252號1樓,02-24560719,
1,9879,R000031,大同綜合訊電股份有限公司-大同3C_鹽水門市,詹政宏,737臺南市鹽水區朝琴路130號1樓A棟,06-6522309,
1,970245,D000040,大同綜合訊電股份有限公司台南金華門市,李建興,702臺南市南區金華路2段117號,2630082,
1,9702,D000338,YAMAHA_新三宏車業行,郭美貞,701臺南市東區育樂街156之1號1樓,06-2378761,
1,9702,C000187,昌勝機車行,吳金峰,204基隆市安樂區安樂路一段129號,02-24316663,
1,9702,C000183,北野機車行,汪昕翰,202基隆市中正區調和街27-12號,02-24698822,
1,9702,C000177,祥瑞機車行,賴育瑞,206基隆市七堵區工建路1之20號1樓,02-24523809,
1,9702,C000158,玉昌機車有限公司,余素華,203基隆市中山區中山一路13號,02-24247816,
1,9702,C000149,忠仁車業有限公司,許忠仁,204基隆市安樂區安樂路二段88號,02-24315151,
1,970188,D000033,大同綜合訊電股份有限公司台南分公司開元展售中心,吳昆禧,704臺南市北區開元路351號,06-2376110,
1,9701,Q000227,勝岡車業有限公司,沈文邦,613嘉義縣朴子市文化里山通路99號,05-3792503,
1,9701,Q000189,吉豐機車行,江曜竹,621嘉義縣民雄鄉福樂村埤角336號,05-2213607,
1,9701,Q000182,昇振車業有限公司,郭漢榮,616嘉義縣新港鄉宮後村新民路121號,05-3740627,
1,9701,C000182,博文機車行,黃博文,200基隆市仁愛區南榮路261號,02-24223511,
1,9701,C000181,台順車業有限公司,黃家駿,205基隆市暖暖區水源路18-2號,02-24575151,
1,9701,C000167,新隆輪業有限公司,林漢定,202基隆市中正區祥豐街195號,02-24635105,
1,9701,C000164,旗成機車行,潘隆旗,206基隆市七堵區福三街16號,02-24520708,
1,9701,C000160,日揚車業有限公司,古慶章,203基隆市中山區西定路457號,02-24232472,
1,9701,C000143,德新車業有限公司,王英武,200基隆市仁愛區南榮路65號,02-24270196,
1,9701,C000141,特色機車行,張建誌,206基隆市七堵區明德一路24號,02-24552865,
1,9700,R000445,千益機車行,梁馭捷,710臺南市永康區永華路87.89號,062711847,
1,9700,Q000230,銓盛車業行,邱靜女,612嘉義縣太保市安仁里祥和一路東段102號,05-3628368,
1,9700,K000233,大雷車業有限公司,古健男,357苗栗縣通霄鎮通西里25鄰中山路207號,037-755175,
1,9700,C000189,駿興機車行,沈嘉興,204基隆市安樂區樂利三街122號,02-24318828,
1,9700,C000187,昌勝機車行,吳金峰,204基隆市安樂區安樂路一段129號,02-24316663,
1,9700,C000183,北野機車行,汪昕翰,202基隆市中正區調和街27-12號,02-24698822,
1,9700,C000177,祥瑞機車行,賴育瑞,206基隆市七堵區工建路1之20號1樓,02-24523809,
1,9700,C000163,暖暖全省機車行,王啟榮,205基隆市暖暖區暖暖街208號,02-24583450,
1,9695,D000338,YAMAHA_新三宏車業行,郭美貞,701臺南市東區育樂街156之1號1樓,06-2378761,
1,9695,C000187,昌勝機車行,吳金峰,204基隆市安樂區安樂路一段129號,02-24316663,
1,9695,C000183,北野機車行,汪昕翰,202基隆市中正區調和街27-12號,02-24698822,
1,9695,C000152,政旺車業行,胡錦全,204基隆市安樂區基金二路21號,02-24301199,
1,9695,C000149,忠仁車業有限公司,許忠仁,204基隆市安樂區安樂路二段88號,02-24315151,
1,9694,Q000227,勝岡車業有限公司,沈文邦,613嘉義縣朴子市文化里山通路99號,05-3792503,
1,9694,C000167,新隆輪業有限公司,林漢定,202基隆市中正區祥豐街195號,02-24635105,
1,9694,C000164,旗成機車行,潘隆旗,206基隆市七堵區福三街16號,02-24520708,
1,9694,C000141,特色機車行,張建誌,206基隆市七堵區明德一路24號,02-24552865,
1,9566,R000421,南都汽車股份有限公司歸仁營業所,曾勇欽,711台南市歸仁區南興里中山路三段313號,06-2395975,
1,9566,R000419,南都汽車股份有限公司北台南營業所,楊雨峰,710台南市永康區中正南路214號,06-2531031,
1,9565,O000289,桃苗汽車股份有限公司-南新竹所,盧建成,300新竹市經國路三段123號,03-5303388,
1,9564,R000422,南都汽車股份有限公司永大營業所,郭俊麟,710台南市永康區永大路三段302號,06-2014689,
1,9564,O000289,桃苗汽車股份有限公司-南新竹所,盧建成,300新竹市經國路三段123號,03-5303388,
1,9564,D000331,南都汽車股份有限公司西台南營業所,杜武雄,700台南市臺南市安平區永華路二段868號,06-2989191,
1,9563,R000422,南都汽車股份有限公司永大營業所,郭俊麟,710台南市永康區永大路三段302號,06-2014689,
1,9563,R000418,南都汽車股份有限公司新營營業所,李國安,730臺南市新營區長榮路二段1077號,06-6565136,
1,950050續,D000040,大同綜合訊電股份有限公司台南金華門市,李建興,702臺南市南區金華路2段117號,2630082,
1,9462,F002158,建榮機車行,程樹欉,220新北市板橋區四川路二段29號,02-89668703,
1,9462,D000342,KYMCO_尚德車業行,蔣紹銘,701臺南市東區崇善路200號,06-2696255,
1,9462,C000140,宏達機車行,鄧尊仁,202基隆市中正區新豐街259號,02-24697638,
1,9361,D000400,和順機車行,陳永大,701臺南市東區東安路41號,062378911,
1,9361,D000394,昶興機車行,杜淵裕,701臺南市東區裕豐街184號,062003206,
1,9361,C000186,寬達機車行,黃寬達,204基隆市安樂區安樂路一段121號1樓,02-24300169,
1,9361,C000170,順利機車行,張順利,202基隆市中正區北寧路368號,02-24695155,
1,9360,Q000224,明治機車行,郭明治,613嘉義縣朴子市內厝里北通路120號,05-3796280,
1,9360,N000385,全陽機車行,趙偉勝,500彰化縣彰化市光復路33號,04-7384997,
1,9360,D000394,昶興機車行,杜淵裕,701臺南市東區裕豐街184號,062003206,
1,9360,C000186,寬達機車行,黃寬達,204基隆市安樂區安樂路一段121號1樓,02-24300169,
1,929,V000001,台東縣農會生鮮超市,李俊德,950臺東縣臺東市新生路195號,089-342701#103,
1,929,H000017,大潤發流通事業股份有限公司八德分公司,林怡君,334桃園市八德區介壽路二段148號,03-3711133#105,
1,929,F000015,大潤發流通事業股分有限公司中和分公司景平店,郭玲麗,235新北市中和區景平路182號地下1樓,02-29436000#501,
1,929,B000001,遠百企業股份有限公司台中復興分公司,蔡旭仁,402臺中市南區復興路一段359號,04-22658686,
1,929,A000078,大潤發流通事業股份有限公司南湖分公司,馬淼松,114臺北市內湖區舊宗路一段188號,02-27905050#501,
1,929,A000002,遠百企業股份有限公司忠孝分公司,王榮華,110臺北市信義區忠孝東路五段297號,02-25289388,
1,9213,K000249,大明機車行(苗),李奕霆,357苗栗縣通霄鎮通西里中山路25鄰197號,037-752217,
1,9213,H001325,裕益機車行,邱繼益,334桃園市八德區介壽路一段930號,03-3622122,
1,9213,F002158,建榮機車行,程樹欉,220新北市板橋區四川路二段29號,02-89668703,
1,9213,D000401,新益昌車行,邱聖佳,701臺南市東區崇德路659號之10,06-2681111,
1,9213,C000171,銘信機車行,吳再銘,201基隆市信義區信二路252號,02-24282689,
1,9213,C000139,長欣機車行,吳長駿,202基隆市中正區新豐街401號1樓,02-24693961,
1,9212,C000145,文禾機車行,陳碧玉,200基隆市仁愛區南榮路63號,02-24250076,
1,9212,C000140,宏達機車行,鄧尊仁,202基隆市中正區新豐街259號,02-24697638,
1,9211,H001325,裕益機車行,邱繼益,334桃園市八德區介壽路一段930號,03-3622122,
1,9211,D000401,新益昌車行,邱聖佳,701臺南市東區崇德路659號之10,06-2681111,
1,9211,C000171,銘信機車行,吳再銘,201基隆市信義區信二路252號,02-24282689,
1,9210,F002158,建榮機車行,程樹欉,220新北市板橋區四川路二段29號,02-89668703,
1,9210,D000401,新益昌車行,邱聖佳,701臺南市東區崇德路659號之10,06-2681111,
1,9210,C000199,名豐輪業有限公司,簡金旺,200基隆市仁愛區南榮路57號,02-24223795,
1,9210,C000140,宏達機車行,鄧尊仁,202基隆市中正區新豐街259號,02-24697638,
1,8613,N000141,7-11明城門市,廖培雁,527彰化縣大城鄉東城村中平路121號,02-27478711#3961,
1,8613,N000139,7-11兆詠門市,廖培雁,500彰化縣彰化市台鳳里一德南路252號,02-27478711#3961,
1,8613,N000128,7-11王功門市,廖培雁,528彰化縣芳苑鄉王功村芳漢路534號,02-27478711#3961,
1,8613,N000125,7-11三春門市,廖培雁,503彰化縣花壇鄉三春村彰員路一段606號一樓,02-27478711#3961,
1,8613,N000121,7-11村東門市,廖培雁,515彰化縣大村鄉山腳路92-15號1樓,02-27478711#3961,
1,8613,N000114,7-11長沙門市,廖培雁,503彰化縣花壇鄉中正路176.176-1號,02-27478711#3961,
1,8613,N000112,7-11品客門市,廖培雁,515彰化縣大村鄉中山路1段86號.,02-27478711#3961,
1,8613,N000104,7-11員家門市,廖培雁,510彰化縣員林市中正路75號,02-27478711#3961,
1,8613,N000101,7-11員成門市,廖培雁,510彰化縣員林市中山路二段216號,02-27478711#3961,
1,8613,N000096,7-11崙北門市,廖培雁,500彰化市中央路232.234號,02-27478711#3961,
1,8613,N000092,7-11田中站門市,趙佩玟,520彰化縣田中鎮中州路1號,02-27478711#3965,
1,8613,N000083,7-11鹿東門市,廖培雁,505彰化縣鹿港鎮中正路298號,02-27478711#3961,
1,8613,N000077,7-11湖北門市,廖培雁,514彰化縣溪湖鎮彰水路4段79號.,02-27478711#3961,
1,8613,N000074,7-11彰和門市,廖培雁,500彰化市民族路163號,02-27478711#3961,
1,8613,N000070,7-11芳苑門市,趙佩玟,528彰化縣芳苑鄉斗苑路頂後段55.57號1F,02-27478711#3965,
1,8613,N000064,7-11花壇門市,趙佩玟,503彰化縣花壇鄉中山路2段1.3號1樓,02-27478711#3965,
1,8613,G000321,全聯實業股份有限公司宜蘭三清分公司,陳佳均,260宜蘭縣宜蘭市南門里三清路９６號,03-9315712,
1,8613,G000316,全聯實業股份有限公司羅東南門分公司,賴美君,265宜蘭縣羅東鎮南門路86、88、90號１樓,03-9571752,
1,8613,G000314,全聯實業股份有限公司宜蘭三星分公司,吳慧玲,266宜蘭縣三星鄉義德村中山路30-1號１樓,03-9895518,
1,8490,O000288,桃苗汽車股份有限公司-新竹營業所,張朝欽,300新竹市中華路二段33號,03-5326161,
1,8490,E000683,高都汽車楠梓營業所,陳坤祿,811高雄市楠梓區楠陽路139號,07-3520501,
1,8489,Q000205,南都汽車股份有限公司朴子營業所,林永承,613嘉義縣朴子市大葛里大槺榔1285號,05-3706366,
1,8488,R000422,南都汽車股份有限公司永大營業所,郭俊麟,710台南市永康區永大路三段302號,06-2014689,
1,8488,R000421,南都汽車股份有限公司歸仁營業所,曾勇欽,711台南市歸仁區南興里中山路三段313號,06-2395975,
1,8488,Q000205,南都汽車股份有限公司朴子營業所,林永承,613嘉義縣朴子市大葛里大槺榔1285號,05-3706366,
1,8488,D000330,南都汽車股份有限公司東台南營業所,林文獻,701台南市中華東路三段65號,06-2697526,
1,8487,R000423,南都汽車股份有限公司官田營業所,林明彬,720台南市官田區南廍里南?1-5號,06-5793158,
1,8487,R000420,南都汽車股份有限公司佳里營業所,羅金池,722台南市佳里區民安里同安寮72-8號,06-7230203,
1,8487,R000418,南都汽車股份有限公司新營營業所,李國安,730臺南市新營區長榮路二段1077號,06-6565136,
1,8487,O000288,桃苗汽車股份有限公司-新竹營業所,張朝欽,300新竹市中華路二段33號,03-5326161,
1,8487,K000219,桃苗汽車股份有限公司-苑裡營業所,黃錫國,358苗栗縣苑裡鎮新復里9鄰129-2號,037-866446,
1,8212,N000004,興業建設股份有限公司員林分公司,陳奕輝,513彰化縣埔心鄉瓦南村中山路319號,04-8315058#501,
1,8210,R000450,太子機車行,黃鳳嬌,712臺南市新化區太平里中正路635號,06-5985521,
1,8210,N000438,大昇車行,蔡孟宏,505彰化縣鹿港鎮順興里鹿草路一段1號,04-7773239,
1,8210,N000437,六順輪業行,呂啟榮,500彰化縣彰化市辭修路128巷32號,04-7240758,
1,8210,N000431,吉益機車行,陳淑玲,516彰化縣埔鹽鄉角樹村員鹿路一段139-1號,04-8852920,
1,8210,N000430,春興機車行,陳文東,521彰化縣北斗鎮居仁里地政路328號,04-8884783,
1,8210,N000429,旭陽車業股份有限公司花壇營業所,趙偉勝,503彰化縣花壇鄉中山路二段620-1號,04-7860501,
1,8210,N000428,昌益機車行,蔡文燦,523彰化縣埤頭鄉合興村彰水路三段439號；443巷4號,04-8922098,
1,8210,N000426,聖豐車業商行,廖麒翔,524彰化縣溪州鄉瓦厝村中山路三段389，391號,04-8896132,
1,8210,N000389,旭發機車行,王秋蘭,500彰化縣彰化市彰南路二段108號,04-7384997,
1,8209,N000434,新發順機車行,陳条修,528彰化縣芳苑鄉王功村芳漢路王功段506號,04-8932283,
1,5165,S000093,7-11寶來門市,廖培雁,844高雄市六龜區寶來村中正路84.86號,02-27478711#3961,
1,5165,S000086,7-11源隆門市,廖培雁,831高雄市大寮區永芳村進學路74.76號,02-27478711#3961,
1,5165,S000085,7-11永安門市,廖培雁,828高雄市永安區永安村永安路34號,02-27478711#3961,
1,5165,S000082,7-11高鳳門市,廖培雁,830高雄市鳳山市忠義里中山西路398.400號,02-27478711#3961,
1,5165,S000077,7-11泰毅門市,廖培雁,842高雄市旗山鎮太平里旗南一路121號,02-27478711#3961,
1,5165,S000062,7-11台塑門市,廖培雁,814高雄市仁武區竹後村水管路189號,02-27478711#3961,
1,5165,S000061,7-11彌盛門市,廖培雁,827高雄市彌陀區中正路246號,02-27478711#3961,
1,5165,S000060,7-11梓官門市,廖培雁,826高雄市梓官區和平路322號,02-27478711#3961,
1,5165,S000053,7-11南華門市,廖培雁,830高雄市鳳山市五甲二路232號,02-27478711#3961,
1,5165,R000287,7-11新營站門市,廖培雁,730臺南市新營區中山路1號,02-27478711#3961,
1,5165,R000269,7-11佳立門市,廖培雁,722臺南市佳里區新生東路1號1樓,02-27478711#3961,
1,5165,R000264,7-11楠西門市,廖培雁,715臺南市楠西區鹿田村11鄰油車61號之10,02-27478711#3961,
1,5165,R000262,7-11新興運門市,廖培雁,712臺南市新化區護國里中山路211號,02-27478711#3961,
1,5165,R000255,7-11十四廠門市,廖培雁,741臺南市善化區南科北路1-1號1F,02-27478711#3961,
1,5165,R000252,7-11新曾文門市,廖培雁,721臺南市麻豆區東角里興中路177.179號,02-27478711#3961,
1,5165,R000251,7-11善營門市,廖培雁,741臺南市善化區小新里成功路173之1號,02-27478711#3961,
1,5165,R000250,7-11新正賢門市,廖培雁,717臺南市仁德區保安村中正路一段209號,02-27478711#3961,
1,5165,R000238,7-11永愛門市,廖培雁,710臺南市永康區北灣里文賢街80-1號,02-27478711#3961,
1,5165,R000234,7-11鹽信門市,廖培雁,710臺南市永康區正南一街148號,02-27478711#3961,
1,5165,R000233,7-11仁大門市,廖培雁,717臺南市仁德區太子村太子路120.122號,02-27478711#3961,
1,5165,R000230,7-11台南蔡門市,廖培雁,710臺南市永康區中正南路628號,02-27478711#3961,
1,5165,R000229,7-11鼎豐門市,廖培雁,718臺南市關廟區北花村中正路517號,02-27478711#3961,
1,5165,R000225,7-11麻中門市,廖培雁,721臺南市麻豆區南勢里南勢36-205號,02-27478711#3961,
1,5165,R000224,7-11小腳腿門市,廖培雁,736臺南市柳營區重溪村義士路一段938號,02-27478711#3961,
1,5165,R000222,7-11仁義門市,廖培雁,717臺南市仁德區中正路二段1052號,02-27478711#3961,
1,5165,R000221,7-11奇三門市,廖培雁,744臺南市新市區環西路2段2-1號,02-27478711#3961,
1,5165,R000214,7-11長榮大門市,廖培雁,711臺南市歸仁區大潭村長榮路一段396號(長榮大學內第4宿舍B1),02-27478711#3961,
1,5165,R000210,7-11奇蹟門市,廖培雁,710臺南市永康區永大路3段299號,02-27478711#3961,
1,5165,R000207,7-11高鐵南站門市,廖培雁,711臺南市歸仁區沙崙村歸仁大道100號,02-27478711#3961,
1,5165,R000203,7-11新長大門市,廖培雁,711臺南市歸仁區大潭村長榮路一段396號,02-27478711#3961,
1,5165,R000202,7-11創意門市,廖培雁,710臺南市永康區鹽行里中正二街268號,02-27478711#3961,
1,5165,R000201,7-11南瀛門市,廖培雁,710臺南市永康區鹽行里中正路299號,02-27478711#3961,
1,5165,R000197,7-11香洋門市,廖培雁,718臺南市關廟區香洋村中山路一段211號,02-27478711#3961,
1,5165,R000195,7-11東江門市,廖培雁,710臺南市永康區尚頂里23鄰南台街43號1樓,02-27478711#3961,
1,5165,R000192,7-11雋鈺門市,廖培雁,710臺南市永康區西灣里永華路157號,02-27478711#3961,
1,5165,R000191,7-11奇業門市,廖培雁,744臺南市新市區環西路一段3號(奇美電子廠內地下一樓),02-27478711#3961,
1,5165,R000184,7-11善和門市,廖培雁,741臺南市善化區坐駕里大成路319號,02-27478711#3961,
1,5165,R000182,7-11永嘉門市,廖培雁,710臺南市永康區二王路139號,02-27478711#3961,
1,5165,R000181,7-11允誠門市,廖培雁,741臺南市善化區光文路17號,02-27478711#3961,
1,5165,R000179,7-11雙永門市,廖培雁,710臺南市永康區永大路二段665號,02-27478711#3961,
1,5165,R000176,7-11林鳳營門市,廖培雁,734臺南市六甲區中社村19鄰林鳳營235號,02-27478711#3961,
1,5165,R000174,7-11正新門市,廖培雁,710臺南市永康區甲頂里大武街33號,02-27478711#3961,
1,5165,R000166,7-11好萊富門市,廖培雁,730臺南市新營區南紙里太子路191號,02-27478711#3961,
1,5165,R000163,7-11永大春門市,廖培雁,710臺南市永康區中山北路431號,02-27478711#3961,
1,5165,R000160,7-11山上門市,廖培雁,743臺南市山上區明和村15鄰明和195-6號,02-27478711#3961,
1,5165,R000152,7-11上營門市,廖培雁,735臺南市下營區中營村1286號,02-27478711#3961,
1,5165,R000149,7-11蓮營門市,廖培雁,731臺南市後壁區福安村200號,02-27478711#3961,
1,5165,R000148,7-11後營門市,廖培雁,723臺南市西港區營西村1號,02-27478711#3961,
1,5165,R000143,7-11後壁門市,廖培雁,731臺南市後壁區後壁村後壁71號,02-27478711#3961,
1,6057,N000337,中部汽車股份有限公司北彰化營業所,周金鈁,500彰化市彰南路一段190號,04-7373705,
1,6057,N000336,中部汽車股份有限公司北斗營業所,黃金成,522彰化縣田尾鄉中山路一段326號,04-8834429,
1,6057,L000710,中部汽車股份有限公司潭子營業所,郭介仁,427台中市潭子區中山路一段285號,0933-181353,
1,6057,L000709,中部汽車股份有限公司太平營業所,李長燊,411台中市太平區太平路741號,04-22700750#11,
1,6057,L000705,中部汽車股份有限公司北豐原營業所,李啟旭,420台中市豐原區豐原大道一段658號,04-25312888,
1,6057,L000704,中部汽車股份有限公司豐原營業所,詹益雄,420台中市豐原區豐勢路二段103號,04-25287541#11,
1,6057,J000233,桃苗汽車股份有限公司-竹北營業所,陳長盛,302竹北市中華路520號,03-5515135,
1,6057,H001210,桃苗汽車股份有限公司-南崁營業所,曾威武,338桃園市蘆竹區南崁路一段101號,03-3216565,
1,6057,H001204,桃苗汽車股份有限公司-桃鶯營業所,覃章清,330桃園市桃鶯路445號,03-3762200,
1,6057,F002019,國都豐田汽車丹鳳營業所,林劉興,242新北市新莊區中正路717號,02-2901-0868,
1,6057,F002018,國都豐田汽車蘆洲營業所,黃文慧,247新北市蘆洲區集賢路281號,02-2283-5302,
1,6057,F002011,國都豐田汽車中和營業所,王振東,235新北市中和區中正路860號,02-2225-3711,
1,6057,F002007,北都汽車股份有限公司-新店營業所,陳福強,231新北市新店區寶橋路233-1號1樓,02-2917-9707,
1,6057,E000683,高都汽車楠梓營業所,陳坤祿,811高雄市楠梓區楠陽路139號,07-3520501,
1,6057,E000625,高都汽車右昌營業所,洪世峰,811高雄市楠梓區右昌街419號,07-366-3511#201,
1,6057,A001504,北都汽車股份有限公司-雙園營業所,常嘉德,108台北市萬華區西園路2段159號161號　,02-2302-3132,
1,6057,A001501,北都汽車股份有限公司-大安營業所,郭瑞泓,106台北市大安區和平東路2段128號,02-2736-7256,
1,6057,A001500,北都汽車股份有限公司-文山營業所,黃庭峰,116台北市文山區羅斯福路6段88號1樓,02-2933-9060,
1,6056,U000159,東部汽車股份有限公司-花蓮營業所,崔政國,973花蓮縣吉安鄉中山路二段247號,03-8529797#200,
1,6056,T000257,高都汽車潮州營業所,林宗賢,920屏東縣潮州鎮介壽路164號,08-789-8801#200,
1,6056,T000255,高都汽車北屏營業所,張志忠,900屏東市忠孝路241號,08-766-3050,
1,6056,S000389,高都汽車湖內營業所,蔡經緯,829高雄市829湖內區太爺村中山路二段60號,(07)699-5151,
1,6056,N000335,中部汽車股份有限公司員林營業所,林秋陽,515彰化縣大村鄉中山路2段308號,04-8525812,
1,6056,M000179,中部汽車股份有限公司草屯營業所,陳立安,542南投縣草屯鎮中正路1203號,049-2323801,
1,6056,H001219,桃苗汽車股份有限公司-北桃園營業所,歐國欽,330桃園市大興西路三段68之8號,03-3017755,
1,6056,H001216,桃苗汽車股份有限公司-桃園營業所,陳聯財,330桃園市中山路747號,03-2201188,
1,6056,H001211,桃苗汽車股份有限公司-中壢營業所,王祥清,320中壢市中園路162號,03-4611888,
1,6056,H001207,桃苗汽車股份有限公司-楊梅營業所,蔡禎記,326楊梅市中山北路一段33號,03-4780000,
1,6056,F002017,國都豐田汽車淡水營業所,王智川,251新北市淡水區中正東路2段91號,02-2809-9301,
1,6056,F002016,國都豐田汽車三重營業所,蔡麗同,241新北市三重區重陽路一段10號,02-2986-7011,
1,6056,F002015,國都豐田汽車北永和營業所,陳秋宏,234新北市永和區保生路55號,02-2927-7273,
1,6056,F002014,國都豐田汽車林口營業所,張作林,244新北市林口區文化一路一段35號,02-2600-2391,
1,6056,F002010,國都豐田汽車埔墘營業所,莊聰鵬,220新北市板橋區中山路二段421號,02-8952-2300,
1,6056,F002009,國都豐田汽車樹林營業所,白清正,"238新北市樹林區大安路40 號",02-2687-4511,
1,6056,E000624,高都汽車三多營業所,陳廷洲,802高雄市苓雅區三多二路91號,07-7151551#201,
1,6056,E000623,高都汽車九如營業所,鄭國祥,807高雄市807三民區九如三路271號,(07)323-1071,
1,6056,E000622,高都汽車瑞豐營業所,張簡玫娟,806高雄市806前鎮區保泰路431號,(07)721-2161,
1,6056,E000620,高都汽車北高營業所,張簡玫娟,807高雄市807三民區民族一路558號,07-3850161,
1,6056,E000619,高都汽車小港營業所,李泰瑩,812高雄市小港區大業北路27號,07-803-7221#201,
1,6056,B000587,中部汽車股份有限公司五權營業所,黃崇仁,403台中市西區五權西路一段228號,04-23782388,
1,6056,A001505,國都豐田汽車南松江營業所,蘇哲弘,104臺北市松江路127號2F,02-2517-6761,
1,6056,A001502,北都汽車股份有限公司-南港營業所,李志勳,115台北市南港區南港路2段312號2樓,02-2783-7366,
1,6055,U000159,東部汽車股份有限公司-花蓮營業所,崔政國,973花蓮縣吉安鄉中山路二段247號,03-8529797#200,
1,6055,T000257,高都汽車潮州營業所,林宗賢,920屏東縣潮州鎮介壽路164號,08-789-8801#200,
1,6055,T000256,高都汽車屏東營業所,林桐宏,900屏東市900建國路253號,(08)753-6981,
1,6055,T000255,高都汽車北屏營業所,張志忠,900屏東市忠孝路241號,08-766-3050,
1,6055,N000340,中部汽車股份有限公司彰化營業所,王家新,503彰化縣花壇鄉中山路2段803號,04-7616191#77,
1,6055,N000335,中部汽車股份有限公司員林營業所,林秋陽,515彰化縣大村鄉中山路2段308號,04-8525812,
1,6055,H001211,桃苗汽車股份有限公司-中壢營業所,王祥清,320中壢市中園路162號,03-4611888,
1,6055,F002017,國都豐田汽車淡水營業所,王智川,251新北市淡水區中正東路2段91號,02-2809-9301,
1,6055,F002016,國都豐田汽車三重營業所,蔡麗同,241新北市三重區重陽路一段10號,02-2986-7011,
1,5165,R000142,7-11八甲門市,廖培雁,711臺南市歸仁區八甲村中正北路一段194號,02-27478711#3961,
1,5165,R000138,7-11六發門市,廖培雁,711臺南市歸仁區六甲村中正南路一段1020號,02-27478711#3961,
1,5165,R000136,7-11埔園門市,廖培雁,710臺南市永康區中山路90號,02-27478711#3961,
1,5165,R000134,7-11文安門市,廖培雁,717臺南市仁德區文賢路一段576號,02-27478711#3961,
1,5165,R000133,7-11新康華門市,廖培雁,710臺南市永康區大橋里大橋二街68號,02-27478711#3961,
1,5165,R000132,7-11復康門市,廖培雁,710臺南市永康區二王里忠孝路408號,02-27478711#3961,
1,5165,R000131,7-11善成門市,廖培雁,741臺南市善化區中正路386號,02-27478711#3961,
1,5165,R000129,7-11豐生門市,廖培雁,711臺南市歸仁區看東村中山路一段305號,02-27478711#3961,
1,5165,R000124,7-11鈺善門市,廖培雁,732臺南市白河區昇安里1鄰三間厝2-56號,02-27478711#3961,
1,5165,R000121,7-11仁灣門市,廖培雁,710臺南市永康區大仁街11巷1號,02-27478711#3961,
1,5165,R000116,7-11新玉馥門市,廖培雁,714臺南市玉井區玉田村中山路97號1樓.中華路255-1號1樓,02-27478711#3961,
1,5165,R000110,7-11烏山頭門市,廖培雁,720臺南市官田區湖山村98-4、98-5號,02-27478711#3961,
1,5165,R000087,7-11大營門市,廖培雁,744臺南市新市區大營村136-1號,02-27478711#3961,
1,5165,R000084,7-11新科門市,廖培雁,744臺南市新市區新市村中正路239號,02-27478711#3961,
1,5165,R000072,7-11大灣門市,廖培雁,710臺南市永康區大灣路951號,02-27478711#3961,
1,5165,R000067,7-11嘉南門市,廖培雁,717臺南市仁德區二行村二層行210號,02-27478711#3961,
1,5165,R000063,7-11白河門市,廖培雁,732臺南市白河區永安里中山路13號,02-27478711#3961,
1,5165,R000061,7-11隆田門市,廖培雁,720臺南市官田區隆田村14鄰文化街130號,02-27478711#3961,
1,5165,R000054,7-11新府門市,廖培雁,730臺南市新營區府西路1號,02-27478711#3961,
1,5165,R000051,7-11新進門市,廖培雁,730臺南市新營區中正路33之14.15號,02-27478711#3961,
1,5165,Q000117,7-11長保門市,廖培雁,613嘉義縣朴子市仁和里嘉朴路西段6-7號1樓,02-27478711#3961,
1,5165,Q000116,7-11嘉保門市,廖培雁,612嘉義縣太保市麻寮里北港路2段511號,02-27478711#3961,
1,5165,Q000109,7-11北回門市,廖培雁,608嘉義縣水上鄉回歸村中山路三段167號,02-27478711#3961,
1,5165,Q000106,7-11大木康榔門市,廖培雁,613嘉義縣朴子市大鄉里1鄰大(木康)榔179之4號,02-27478711#3961,
1,5165,Q000105,7-11嘉大門市,廖培雁,621嘉義縣民雄鄉文隆村鴨母水土1-92號,02-27478711#3961,
1,5165,Q000101,7-11大埔美門市,廖培雁,622嘉義縣大林鎮過溪里過溪1號,02-27478711#3961,
1,5165,Q000100,7-11新塭門市,廖培雁,625嘉義縣布袋鎮復興里12鄰新塭147-3號,02-27478711#3961,
1,5165,Q000099,7-11民興門市,廖培雁,621嘉義縣民雄鄉興中村6鄰江厝店54-1號,02-27478711#3961,
1,5165,Q000096,7-11民雄門市,廖培雁,621嘉義縣民雄鄉民生路55號,02-27478711#3961,
1,5165,Q000094,7-11石棹門市,廖培雁,604嘉義縣竹崎鄉中和村石棹22-27、22-29號,02-27478711#3961,
1,5165,Q000087,7-11灣橋門市,廖培雁,604嘉義縣竹崎鄉灣橋村221號,02-27478711#3961,
1,5165,Q000082,7-11新港門市,廖培雁,616嘉義縣新港鄉中山路85之5號,02-27478711#3961,
1,5165,Q000079,7-11中埔門市,廖培雁,606嘉義縣中埔鄉和美村中山路856號,02-27478711#3961,
1,5165,Q000075,7-11嘉樂門市,廖培雁,621嘉義縣民雄鄉中樂村文化路19號,02-27478711#3961,
1,5165,Q000073,7-11朴醫門市,廖培雁,613嘉義縣朴子市應菜埔路37號之28,02-27478711#3961,
1,5165,Q000069,7-11祥一門市,廖培雁,612嘉義縣太保市祥和一路29號,02-27478711#3961,
1,5165,Q000068,7-11梅北門市,廖培雁,603嘉義縣梅山鄉梅北村中山路410號1樓,02-27478711#3961,
1,5165,Q000066,7-11梅林門市,廖培雁,622嘉義縣大林鎮忠孝路713、715號1樓,02-27478711#3961,
1,5165,Q000063,7-11泉翔門市,廖培雁,613嘉義縣朴子市大葛里嘉朴路西段121號,02-27478711#3961,
1,5165,Q000057,7-11柳泰門市,廖培雁,608嘉義縣水上鄉柳鄉村柳子林路185-20號,02-27478711#3961,
1,5165,Q000050,7-11中庄門市,廖培雁,608嘉義縣水上鄉中庄村69號,02-27478711#3961,
1,5165,Q000046,7-11天長門市,廖培雁,602嘉義縣番路鄉觸口村14鄰1之10號,02-27478711#3961,
1,5165,Q000045,7-11過溝門市,廖培雁,625嘉義縣布袋鎮中安里19鄰11號,02-27478711#3961,
1,5165,P000268,全聯實業股份有限公司斗六上海分公司,陳明琳,640雲林縣斗六市公城里杭州街18號1樓,05-5378158,
1,5165,P000251,全聯福利中心崙背中山店,謝明修,637雲林縣崙背鄉東明村中山路200號,05-6969939,
1,5165,P000156,7-11雲龍門市,廖培雁,640雲林縣斗六市龍潭路14-1號,02-27478711#3961,
1,5165,P000152,7-11于滿門市,廖培雁,630雲林縣斗南鎮延平路二段581號1樓,02-27478711#3961,
1,5165,P000148,7-11新安慶門市,廖培雁,632雲林縣虎尾鎮民主路52-1號,02-27478711#3961,
1,5165,P000146,7-11崙中門市,廖培雁,637雲林縣崙背鄉南陽村中山路489號,02-27478711#3961,
1,6055,F002009,國都豐田汽車樹林營業所,白清正,"238新北市樹林區大安路40 號",02-2687-4511,
1,6055,E000622,高都汽車瑞豐營業所,張簡玫娟,806高雄市806前鎮區保泰路431號,(07)721-2161,
1,6055,E000619,高都汽車小港營業所,李泰瑩,812高雄市小港區大業北路27號,07-803-7221#201,
1,6055,B000589,中部汽車股份有限公司東台中營業所,李長燊,401台中市東區進化路190號,04-22115360,
1,6055,B000587,中部汽車股份有限公司五權營業所,黃崇仁,403台中市西區五權西路一段228號,04-23782388,
1,6055,A001505,國都豐田汽車南松江營業所,蘇哲弘,104臺北市松江路127號2F,02-2517-6761,
1,6055,A001502,北都汽車股份有限公司-南港營業所,李志勳,115台北市南港區南港路2段312號2樓,02-2783-7366,
1,6054,V000116,東部汽車股份有限公司-台東分公司(台東營業所),李俊興,950台東市大仁路3號,089-321855#201,
1,6054,S000386,高都汽車岡山營業所,陳志文,820高雄市820岡山區岡山路620號,(07)621-7171,
1,6054,S000385,高都汽車旗山營業所,歐春芳,842高雄市842旗山區旗南二路88號,(07)666-3006,
1,6054,P000241,南都汽車股份有限公司斗南營業所,林芳輝,630雲林縣斗南鎮延平路二段87號,05-5968123,
1,6054,P000239,南都汽車股份有限公司虎尾營業所,張源安,632雲林縣虎尾鎮頂南路300號,05-6325811,
1,6054,N000338,中部汽車股份有限公司鹿港營業所,謝榮峰,506彰化縣福興鄉彰鹿路七段496號,04-7760525,
1,6054,N000334,中部汽車股份有限公司溪湖營業所,楊敏寬,514彰化縣溪湖鎮員鹿路二段279號,04-8855141,
1,6054,M000182,中部汽車股份有限公司埔里營業所,陳立安,545南投縣埔里鎮信義路1100號,049-2910773,
1,6054,M000181,中部汽車股份有限公司南投營業所,洪浚誠,540南投市永豐里南崗三路270號,049-2252959,
1,6054,M000180,中部汽車股份有限公司竹山營業所,鄭乙衛,557南投縣竹山鎮集山路三段290號,049-2653701,
1,6054,L000706,中部汽車股份有限公司大雅營業所,洪俊誠,428台中市大雅區中清路一段189號,04-25679933#11,
1,6054,I000183,南都汽車股份有限公司嘉義營業所,高英翔,600嘉義市博愛路二段299號,05-2330555,
1,6054,I000182,南都汽車股份有限公司南嘉義營業所,張素珠,600嘉義市世賢路4段432號,05-2252115,
1,6054,H001208,桃苗汽車股份有限公司-龍潭營業所,李盛暐,325桃園市龍潭區中正路433號,03-4890909,
1,6054,F002020,國都豐田汽車鶯歌營業所,高大騫,239新北市鶯歌區文化路146號,02-2678-1611,
1,6054,F002013,國都豐田汽車新莊營業所,陳浩立,242新北市新莊區中正路70號之2,02-2996-6737,
1,6054,F002012,國都豐田汽車土城營業所,林楊智,236新北市土城區中央路三段4號,02-2269-1171,
1,6054,F002008,北都汽車股份有限公司-汐止營業所,徐步雲,221新北市汐止區大同路3段110號,02-8648-9696,
1,6054,E000621,高都汽車青年營業所,洪立春,800高雄市800新興區青年一路328號,(07)282-7181,
1,6054,A001508,國都豐田汽車陽明營業所,陳先尊,112臺北市承德路7段260號,02-2822-0322,
1,6054,A001507,國都豐田汽車天母營業所,陳信光,111臺北市德行西路15號,02-2833-5215,
1,6054,A001506,國都豐田汽車民生營業所,柯文彬,104臺北市民生東路三段3號,02-2516-6877,
1,6054,A001503,北都汽車股份有限公司-敦化營業所,崔秉熙,105台北市松山區八德路3段2號1樓,02-2579-6285,
1,6054,A001499,北都汽車股份有限公司-內湖營業所,顏有村,114台北市內湖區內湖路1段91巷34號,02-2799-7840,
1,6047,R000432,YAMAHA_永豐機車行,蘇榮泰,710臺南市永康區大灣路720號,06-2724745,
1,6047,N000408,實用車業有限公司,陳惠湖,500彰化縣彰化市中正路１段３９６號,04-7115655,
1,6047,K000230,冠葉車業有限公司,范元雄,351苗栗縣頭份市中華路790號1樓,037-668581,
1,6047,H001297,聯誠車業行,陳志榮,338桃園市蘆竹區營盤村中山路148號1樓,3223958,
1,6047,H001239,勝星車業有限公司,王建城,320桃園市中壢區新生路124號,03-4222529,
1,6047,D000372,KYMCO_南慶興車業,林奕任,704臺南市北區和緯路1段145號,06-2518060,
1,6017,G000017,喜互惠生鮮超市龍德店,林建志,270宜蘭縣蘇澳鎮福德路440號,03-9908800,
1,6009,E000636,昇暉機車行,余智凱,813高雄市左營區新莊仔路313號,07-3413308,
1,6008,H001267,宏聯車業行,簡宏宇,334桃園市八德區中山路129號,03-3683093,
1,6007,V000118,陳信宏機車行,陳信宏,950臺東縣台東市新生路626號,(089)310796,
1,6007,R000443,振富車業有限公司,曾治富,710臺南市永康區民族路483號,062710842,
1,6007,R000435,KYMCO_銘揚車業行,鍾銅城,710臺南市永康區中山路262號,06-2323243,
1,6007,Q000215,長明機車行,洪川,613嘉義縣朴子市山通路88號,05-3796158,
1,6007,N000419,正易輪業行,吳杉記,509彰化縣伸港鄉新港村中正路39號1樓,04-7985322,
1,6007,J000231,昇欣機車行,賴小姐,310新竹縣竹東鎮中豐路1段133號,03-5961278,
1,6007,E000732,鈞慶車業股份有限公司,莊素貞,802高雄市苓雅區武營路437號,07-7527001,
1,6007,E000648,三豐車業行,唐慶復,813高雄市左營區左營大路212號,075829292,
1,6007,D000408,尚昌機車有限公司,洪世昌,709臺南市安南區安和路3段64號,06-3559637,
1,6007,D000402,巨新車業有限公司,蔡佳洲,701臺南市東區東門路二段35號,062369888,
1,6007,D000401,新益昌車行,邱聖佳,701臺南市東區崇德路659號之10,06-2681111,
1,6007,C000190,穩讚機車行,陳添明,204基隆市安樂區樂利三街32巷23號,02-21342960,
1,6007,C000179,華國機車行,蔡華國,200基隆市仁愛區孝三路41之1號,02-24293081,
1,8209,N000429,旭陽車業股份有限公司花壇營業所,趙偉勝,503彰化縣花壇鄉中山路二段620-1號,04-7860501,
1,8199,V000121,東憶機車行,林俊陞,950臺東縣台東市中興路3段548號,0980002901,
1,8199,R000446,星威機車行,楊文雄,717臺南市仁德區中山路332號,062700824,
1,8199,N000383,隆盛機車行,蕭仲政,520彰化縣田中鎮員集路三段225號,04-8742093,
1,8199,N000381,茂進機車行,許秋鄉,"500彰化縣彰化市茄南里 福馬街８，１０號",04-7355776,
1,8199,N000355,聯友車業行,張振旺,520彰化縣田中鎮員集路２段７６，７８號,04-8743339,
1,8199,K000233,大雷車業有限公司,古健男,357苗栗縣通霄鎮通西里25鄰中山路207號,037-755175,
1,8199,D000405,信國機車行,杜秋藤,701臺南市東區東興路258號,062382155,
1,8199,D000391,YAMAHA_鉅鋒輪業,王炫斐,708臺南市安平區建平七街687號,06-2978699,
1,8136,A001586,棉花田生機園地南京龍江門市,方文哲,104臺北市中山區南京東路3段82號,02-25791777#218,
1,8136,A001494,棉花田生機園地忠孝門市,方文哲,106臺北市大安區忠孝東路4段299號,02-25791777#218,
1,8136,A001483,棉花田生機園地民生門市,方文哲,105臺北市松山區民生東路四段55巷30號1F,02-25791777#218,
1,8135,W000019,全聯實業股份有限公司金門店,張修瑋,892金門縣金寧鄉下埔下56之1號,082-322937,
1,8135,A001483,棉花田生機園地民生門市,方文哲,105臺北市松山區民生東路四段55巷30號1F,02-25791777#218,
1,8129,R000031,大同綜合訊電股份有限公司-大同3C_鹽水門市,詹政宏,737臺南市鹽水區朝琴路130號1樓A棟,06-6522309,
1,8127,R000031,大同綜合訊電股份有限公司-大同3C_鹽水門市,詹政宏,737臺南市鹽水區朝琴路130號1樓A棟,06-6522309,
1,8123,R000031,大同綜合訊電股份有限公司-大同3C_鹽水門市,詹政宏,737臺南市鹽水區朝琴路130號1樓A棟,06-6522309,
1,7990,T000258,台象股份有限公司-象印屏東太平洋據點,陳佩筠,900屏東縣屏東市中正路72號6樓,02-2506-9009#217,
1,7990,O000302,台象股份有限公司-象印SOGO巨城據點,陳佩筠,300新竹市東區中央路239號6樓,02-2506-9009#217,
1,7990,O000300,台象股份有限公司-象印新光新竹據點,紀偉平,300新竹市東區中華路2段190號7樓,02-2506-9009,
1,7990,O000015,全國電子股份有限公司新竹市第七分公司,王郁娟,300新竹市北區水田里中正路388號,03-3570833#32,
1,7990,I000220,台象股份有限公司-象印耐思松屋據點,陳佩筠,600嘉義市東區忠孝路600號B1樓,02-2506-9009#217,
1,7990,I000219,台象股份有限公司-象印遠東嘉義據點,陳佩筠,600嘉義市西區垂楊路537號7樓,02-2506-9009#217,
1,7990,H001290,台象股份有限公司-象印桃園服務中心,陳佩筠,330桃園市桃園區育樂街36號,02-2506-9009#217,
1,7990,F002171,台象股份有限公司-象印大遠百板橋據點,陳佩筠,220新北市板橋區新站路28號7樓,02-2506-9009#217,
1,7990,E000695,台象股份有限公司-象印漢神巨蛋據點,陳佩筠,813高雄市左營區博愛二路777號B1樓,02-2506-9009#217,
1,7990,E000693,台象股份有限公司-象印SOGO高雄據點,陳佩筠,806高雄市前鎮區三多三路217號10樓,02-2506-9009#217,
1,7990,D000376,台象股份有限公司-象印遠東台南據點,陳佩筠,701臺南市東區前鋒路210號6樓,02-2506-9009#217,
1,7990,B000605,台象股份有限公司-象印中友據點,陳佩筠,404臺中市北區三民路三段161號10樓,02-2506-9009#217,
1,7990,B000603,台象股份有限公司-象印遠東台中據點,陳佩筠,407臺中市西屯區台中港路二段105號9樓,02-2506-9009#217,
1,7990,A001567,台象股份有限公司-象印新光信義A8據點,陳佩筠,108臺北市萬華區松高路12號7F,02-2506-9009#217,
1,7990,A001566,台象股份有限公司-象印新光站前據點,陳佩筠,100臺北市中正區忠孝西路一段66號10F,02-2506-9009#217,
1,7989,F002170,台象股份有限公司-象印遠東板橋據點,陳佩筠,220新北市板橋區中山路一段152號10樓,02-2506-9009#217,
1,7989,F002169,台象股份有限公司-象印比漾廣場據點,陳佩筠,234新北市永和區中山路一段238號 5樓,02-2506-9009#217,
1,7989,F002167,台象股份有限公司-象印五股服務中心,陳佩筠,248新北市五股區五權八路41號1樓,02-2506-9009#217,
1,7989,E000692,台象股份有限公司-象印遠東高雄據點,陳佩筠,802高雄市苓雅區三多四路21號10樓,02-2506-9009#217,
1,7989,E000691,台象股份有限公司-象印新光高雄據點,陳佩筠,806高雄市前鎮區三多三路213號10樓,02-2506-9009#217,
1,7989,E000689,台象股份有限公司-象印大立據點,陳佩筠,801高雄市前金區五福三路59號10樓,02-2506-9009#217,
1,7989,E000679,台象股份有限公司-象印高雄服務中心,陳佩筠,802高雄市苓雅區四維二路146號1樓,02-2506-9009#217,
1,7989,B000606,台象股份有限公司-象印廣三SOGO據點,陳佩筠,403臺中市西區中港路一段299號10樓,02-2506-9009#217,
1,7989,B000602,台象股份有限公司-象印台中服務中心,陳佩筠,408臺中市南屯區文心南三路180號1樓,02-2506-9009#217,
1,7989,A001562,台象股份有限公司-象印長安服務中心,陳佩筠,104臺北市中山區長安東路二段80號1樓,02-2506-9009#217,
1,7988,F002166,台象股份有限公司-象印板橋服務中心,陳佩筠,220新北市板橋區國光路52號1樓,02-2506-9009#217,
1,7988,E000690,台象股份有限公司-象印漢神據點,陳佩筠,801高雄市前金區成功路一段266之1號7樓,02-2506-9009#217,
1,7988,D000412,台象股份有限公司-象印夢時代據點,陳佩筠,701臺南市東區中華東路一段366號B1F,02-2506-9009#217,
1,7988,B000604,台象股份有限公司-象印新光台中據點,陳佩筠,407臺中市西屯區台中港路二段111號8樓,02-2506-9009#217,
1,7988,A001570,台象股份有限公司-象印SOGO忠孝據點,陳佩筠,106臺北市大安區忠孝東路四段45號 8F,02-2506-9009#217,
1,7988,A001568,台象股份有限公司-象印美麗華據點,陳佩筠,104臺北市中山區敬業三路20號3F,02-2506-9009#217,
1,7988,A001565,台象股份有限公司-象印新光南西據點,陳佩筠,104臺北市中山區臺北市中山區南京西路12號7F,02-2506-9009#217,
1,7988,A001564,台象股份有限公司-象印大葉高島屋據點,陳佩筠,111臺北市士林區忠誠路二段55號12F,02-2506-9009#217,
1,7988,A001563,台象股份有限公司-象印統一時代台北據點,陳佩筠,110臺北市信義區忠孝東路5段8號6F,02-2506-9009#217,
1,7988,A001561,台象股份有限公司-象印天母服務中心,陳佩筠,111臺北市士林區克強路30號1樓,02-2506-9009#217,
1,7887,S000392,瑞泰機車行,柯泯宏,830高雄市鳳山區五甲一路682號1F,07-7636333,
1,7886,K000226,順興機車行,吳進欽,360苗栗縣苗栗市勝利里31鄰新東街160號,037-355930,
1,7886,E000732,鈞慶車業股份有限公司,莊素貞,802高雄市苓雅區武營路437號,07-7527001,
1,7886,D000403,金谷機車有限公司,張旭隆,701臺南市東區大同路一段137號,062140798,
1,7886,D000401,新益昌車行,邱聖佳,701臺南市東區崇德路659號之10,06-2681111,
1,7834,R000031,大同綜合訊電股份有限公司-大同3C_鹽水門市,詹政宏,737臺南市鹽水區朝琴路130號1樓A棟,06-6522309,
1,7830,R000031,大同綜合訊電股份有限公司-大同3C_鹽水門市,詹政宏,737臺南市鹽水區朝琴路130號1樓A棟,06-6522309,
1,7829,R000038,大同綜合訊電股份有限公司-大同3C_佳里中山門市,顏秉豐,722臺南市佳里區中山路351、353號,06-7222382,70788522
1,7829,R000031,大同綜合訊電股份有限公司-大同3C_鹽水門市,詹政宏,737臺南市鹽水區朝琴路130號1樓A棟,06-6522309,
1,7828,R000031,大同綜合訊電股份有限公司-大同3C_鹽水門市,詹政宏,737臺南市鹽水區朝琴路130號1樓A棟,06-6522309,
1,7827,R000031,大同綜合訊電股份有限公司-大同3C_鹽水門市,詹政宏,737臺南市鹽水區朝琴路130號1樓A棟,06-6522309,
1,7796,R000425,群達能源科技有限公司,陳盈秀,741臺南市善化區成功路361號,06-5832288,
1,7795,R000462,三久太陽能-品首工程行,吳明福,718臺南市關廟區南雄路二段101號,06-5950162,26457931
1,7795,K000202,壹貳參水世界有限公司,吳兆禎,360苗栗縣苗栗市為公路409號,037-270233,
1,7795,I000188,東昌儲水桶行,王柏竣,600嘉義市東區大華路211號,05-2859728,
1,7795,H000135,久研開發節能有限公司,賴紹鈞,325桃園市龍潭區五福街60號,03-4808490,25027462
1,7794,R000425,群達能源科技有限公司,陳盈秀,741臺南市善化區成功路361號,06-5832288,
1,7789,H001800,小北百貨(鴻憘生活館有限公司),蔡偉正,334桃園市八德區介壽路二段245號,03-2866182,50956351
1,7789,H001453,小北百貨(鴻朗生活館有限公司),吳小英,330桃園市桃園區330桃園市桃園區復興路283號1.2樓,03-3347474,53643333
1,7789,H001270,小北百貨-鴻朧生活館有限公司-龜山店,徐嘉新,333桃園市龜山區自強南路85號,03-3597261,
1,7788,D000392,一立企業行,辛國安,702臺南市南區新興路119號,06-2615776,56928678
1,7757,G000055,家福股份有限公司宜蘭分公司,張卿善,260宜蘭縣宜蘭市民權路二段38巷2號B2,03-9361188#880,
1,7743,S000414,燦坤3C大寮分公司,陳欽瑩,831高雄市大寮區力行路113號,02-27953988#10802,
1,7743,S000412,燦坤3C鳳屏分公司,陳欽瑩,831高雄市大寮區鳳屏一路281號1F,02-27953988#10802,
1,7743,S000411,燦坤3C鳥松分公司,陳欽瑩,833高雄市鳥松區大仁北路31號,02-27953988#10802,
1,7743,S000408,燦坤3C橋頭分公司,陳欽瑩,825高雄市橋頭區成功南路148巷1號,02-27953988#10802,
1,7743,S000405,燦坤3C鳳山二店分公司,陳欽瑩,830高雄市鳳山區建國路二段178號,02-27953988#10802,
1,7743,E000710,燦坤3C康定分公司,陳欽瑩,806高雄市前鎮區康定路168號,02-27953988#10802,
1,7743,E000707,燦坤3C建國分公司,陳欽瑩,"807高雄市三民區建國二路226號,228號",02-27953988#10802,
1,7743,E000706,燦坤3C建工分公司,陳欽瑩,807高雄市三民區建工路351號1F-2F,02-27953988#10802,
1,7743,E000702,燦坤3C河東分公司,陳欽瑩,801高雄市前金區河東路2號,02-27953988#10802,
1,7743,E000700,燦坤3C高美分公司,陳欽瑩,804高雄市鼓山區美術館路38號-40號1F,02-27953988#10802,
1,7743,E000698,燦坤3C高雄博愛營業所,陳欽瑩,813高雄市左營區博愛三路201號1F+2F,02-27953988#10802,
1,7742,S000417,燦坤3C旗山分公司,陳欽瑩,842高雄市旗山區中華路1036號,02-27953988#10802,
1,7742,S000414,燦坤3C大寮分公司,陳欽瑩,831高雄市大寮區力行路113號,02-27953988#10802,
1,7742,S000411,燦坤3C鳥松分公司,陳欽瑩,833高雄市鳥松區大仁北路31號,02-27953988#10802,
1,7742,E000716,燦坤3C右昌分公司,陳欽瑩,811高雄市楠梓區德民路836號,02-27953988#10802,
1,7742,E000712,燦坤3C大統營業所,陳欽瑩,800高雄市新興區五福二路262號,02-27953988#10802,
1,7742,E000706,燦坤3C建工分公司,陳欽瑩,807高雄市三民區建工路351號1F-2F,02-27953988#10802,
1,7742,E000700,燦坤3C高美分公司,陳欽瑩,804高雄市鼓山區美術館路38號-40號1F,02-27953988#10802,
1,7742,E000698,燦坤3C高雄博愛營業所,陳欽瑩,813高雄市左營區博愛三路201號1F+2F,02-27953988#10802,
1,7741,S000418,燦坤3C路竹分公司,陳欽瑩,821高雄市路竹區中正路182號,02-27953988#10802,
1,7741,S000416,燦坤3C梓官分公司,陳欽瑩,826高雄市梓官區梓官路270號,02-27953988#10802,
1,7741,S000409,燦坤3C岡山分公司,陳欽瑩,820高雄市岡山區溪東路68號2F,02-27953988#10802,
1,5165,P000145,7-11寶宏門市,廖培雁,630雲林縣斗南鎮文昌路99號,02-27478711#3961,
1,5165,P000137,7-11永茂門市,廖培雁,638雲林縣麥寮鄉三盛村中山1~6號,02-27478711#3961,
1,5165,P000135,7-11東霖門市,廖培雁,647雲林縣莿桐鄉莿桐村西安路33號,02-27478711#3961,
1,5165,P000132,7-11麥豐門市,廖培雁,638雲林縣麥寮鄉新興路27之5號,02-27478711#3961,
1,5165,P000119,7-11五條港門市,廖培雁,636雲林縣台西鄉五港村海豐路二段401號1樓,02-27478711#3961,
1,5165,P000108,7-11元長門市,廖培雁,655雲林縣元長鄉長南村7鄰中山路32-2號1F,02-27478711#3961,
1,5165,P000106,7-11世鑫門市,廖培雁,653雲林縣口湖鄉崙東村中山路96-6號,02-27478711#3961,
1,5165,P000104,7-11北英門市,廖培雁,651雲林縣北港鎮華勝里華勝路212號,02-27478711#3961,
1,5165,P000100,7-11夏恩門市,廖培雁,632雲林縣虎尾鎮立人里復興路177號1樓,02-27478711#3961,
1,5165,P000099,7-11斗高門市,廖培雁,630雲林縣斗南鎮小東里17鄰大業路86號,02-27478711#3961,
1,5165,P000090,7-11斗六門市,廖培雁,640雲林縣斗六市大同路41號,02-27478711#3961,
1,5165,P000084,7-11快來門市,廖培雁,638雲林縣麥寮鄉橋頭村橋頭路234號,02-27478711#3961,
1,5165,P000079,7-11民樂門市,廖培雁,651雲林縣北港鎮華勝里28鄰民樂路39號,02-27478711#3961,
1,5165,P000077,7-11崙背門市,廖培雁,637雲林縣崙背鄉南光路3號,02-27478711#3961,
1,5165,P000071,7-11崙多門市,廖培雁,637雲林縣崙背鄉東明村正義路194號,02-27478711#3961,
1,5165,P000056,7-11詠順門市,廖培雁,640雲林縣斗六市鎮北路229號,02-27478711#3961,
1,5165,P000004,大潤發流通事業股份有限公司斗南分公司,周建昇,630雲林縣斗南鎮文化街119巷21號,05-5955959#501,
1,5165,O000325,大潤發流通事業股份有限公司新竹分公司,張滌明,300新竹市湳雅街91~99號,03-5357699,
1,5165,O000296,遠百企業股份有限公司新竹巨城店,鄭樺峰,300新竹市東區中央路229號B1,03-6236100*6103,
1,5165,O000155,7-11竹灣門市,廖培雁,300新竹市北區客雃里延平路一段252號1樓,02-27478711#3961,
1,5165,O000154,7-11海寶門市,廖培雁,300新竹市北區海濱里榮濱路1號,02-27478711#3961,
1,5165,O000151,7-11東品門市,廖培雁,300新竹市東區食品路146號1樓,02-27478711#3961,
1,5165,O000149,7-11晏丞門市,廖培雁,300新竹市東區振興路50號1樓,02-27478711#3961,
1,5165,O000144,7-11空軍門市,廖培雁,300新竹市北區境福里中正路365號,02-27478711#3961,
1,5165,O000141,7-11新悅門市,廖培雁,300新竹市東區經國路二段166.168號1樓,02-27478711#3961,
1,5165,O000137,7-11新唐門市,廖培雁,300新竹市東區研新三路4號2樓,02-27478711#3961,
1,5165,O000135,7-11煙波門市,廖培雁,300新竹市東區明湖路967號1樓,02-27478711#3961,
1,5165,O000134,7-11台積門市,廖培雁,300新竹市東區園區二路168號1樓,02-27478711#3961,
1,5165,O000133,7-11鑫八廠門市,廖培雁,300新竹市東區力行路25號1樓,02-27478711#3961,
1,5165,O000130,7-11鑫旭升門市,廖培雁,300新竹市東區東南街98號1樓,02-27478711#3961,
1,5165,O000128,7-11老爺門市,廖培雁,300新竹市光復路一段272.272之1.272之2號,02-27478711#3961,
1,5165,O000122,7-11育賢門市,廖培雁,300新竹市東區光鎮里12鄰南大路754號,02-27478711#3961,
1,5165,O000114,7-11自興門市,廖培雁,300新竹市東區自由路69號,02-27478711#3961,
1,5165,O000113,7-11東中門市,廖培雁,300新竹市北區東門街167號.,02-27478711#3961,
1,5165,O000112,7-11關東門市,廖培雁,300新竹市東區光復路一段187.189號.,02-27478711#3961,
1,5165,O000111,7-11新科紀門市,廖培雁,300新竹市東區金山里介壽路49號一樓,02-27478711#3961,
1,5165,O000108,7-11新世界門市,廖培雁,300新竹市北區中正路121號,02-27478711#3961,
1,5165,O000106,7-11宏欣門市,廖培雁,300新竹市東區金山23街63.65號一樓,02-27478711#3961,
1,5165,O000104,7-11新竹春福門市,廖培雁,300新竹市東區明湖路1050巷8號B2,02-27478711#3961,
1,5165,O000100,7-11盛天門市,廖培雁,300新竹市北區延平路三段545號,02-27478711#3961,
1,5165,O000097,7-11荷蘭村門市,廖培雁,300新竹市北區武陵路171-1.171-2號1F,02-27478711#3961,
1,5165,O000095,7-11復全門市,廖培雁,300新竹市東區新莊里長春街13號,02-27478711#3961,
1,5165,O000088,7-11公學門市,廖培雁,300新竹市東區建功一路93號,02-27478711#3961,
1,5165,O000074,7-11新大門市,廖培雁,300新竹市北區東大路3段2號,02-27478711#3961,
1,5165,O000070,7-11新雅竹門市,廖培雁,300新竹市北區湳雅街255號,02-27478711#3961,
1,5165,O000068,7-11鑫昌門市,廖培雁,300新竹市東區復興路34號1樓,02-27478711#3961,
1,5165,O000067,7-11新勝門市,廖培雁,300新竹市東區東光路85號,02-27478711#3961,
1,5165,O000065,7-11水擇門市,廖培雁,300新竹市東區水母里中正路194號,02-27478711#3961,
1,5165,O000057,7-11耀明門市,廖培雁,300新竹市東區南大路526號,02-27478711#3961,
1,5165,O000053,7-11新站門市,廖培雁,300新竹市東區榮光里林森路7號.中華路二段458號,02-27478711#3961,
1,7741,S000404,燦坤3C五甲分公司,陳欽瑩,830高雄市鳳山區五甲二路219號,02-27953988#10802,
1,7741,E000718,燦坤3C小港分公司,陳欽瑩,812高雄市小港區康莊路105號,02-27953988#10802,
1,7741,E000717,燦坤3C中安分公司,陳欽瑩,812高雄市小港區中安路590號,02-27953988#10802,
1,7741,E000713,燦坤3C鹽埕分公司,陳欽瑩,803高雄市鹽埕區大勇路110、112號1+2F,02-27953988#10802,
1,7741,E000711,燦坤3C瑞隆分公司,陳欽瑩,806高雄市前鎮區瑞隆路401號,02-27953988#10802,
1,7741,E000709,燦坤3C成功分公司,陳欽瑩,806高雄市前鎮區中華五路1001號,02-27953988#10802,
1,7741,E000708,燦坤3C二聖分公司,陳欽瑩,806高雄市前鎮區二聖一路288號1-2F,02-27953988#10802,
1,7741,E000703,燦坤3C光華分公司,陳欽瑩,802高雄市苓雅區光華一路160號,02-27953988#10802,
1,7741,E000696,燦坤3C左營分公司,陳欽瑩,813高雄市左營區自由二路329號1-2樓,02-27953988#10802,
1,7641,N000004,興業建設股份有限公司員林分公司,陳奕輝,513彰化縣埔心鄉瓦南村中山路319號,04-8315058#501,
1,7628,U000002,國防部福利事業管理處美崙福利站,張心怡,970花蓮縣花蓮市東興3街100號2樓,03-8226727,
1,7628,G000291,員山鄉農會生鮮超市,陳沛林,264宜蘭縣員山鄉員山路一段281號,03-9227562,
1,7628,F000007,國防部福利事業管理處板橋福利站,史芳林,220新北市板橋區文化路一段311之1號,02-22550818,
1,7628,C000001,國防部福利事業管理處基隆福利站,賴明珠,204基隆市安樂區安樂路一段2號,02-24201982,
1,7569,A001475,台灣富士軟片資訊股份有限公司,蔡明錡,105臺北市松山區中正里敦化北路88號7樓,02-27319099#6705,03550014
1,7400,M000224,"全聯實業股份有限公司 鹿谷店",徐賓成,558南投縣鹿谷鄉鹿谷村鹿彰路316號1樓,0422420827#205,
1,7400,M000223,"全聯實業股份有限公司 信義店",徐賓成,545南投縣埔里鎮信義路217號,0422420827#205,
1,7400,M000219,"全聯實業股份有限公司 大明店",徐賓成,557南投縣竹山鎮竹圍里大禮路129號,0422420827#205,
1,7400,M000218,"全聯實業股份有限公司 明賢店",徐賓成,542南投縣草屯鎮中山街57號,0422420827#205,
1,7400,M000217,"全聯實業股份有限公司 北門店",徐賓成,545南投縣埔里鎮自強路80號,0422420827#205,
1,7399,P000326,述衡車業行,呂慶和,640雲林縣斗六市中山路21號,05-5322555,
1,7399,N000438,大昇車行,蔡孟宏,505彰化縣鹿港鎮順興里鹿草路一段1號,04-7773239,
1,7399,N000437,六順輪業行,呂啟榮,500彰化縣彰化市辭修路128巷32號,04-7240758,
1,7399,N000435,裕木機車行,林裕木,508彰化縣和美鎮鎮平里彰草路二段674號,04-7526391,
1,7399,N000431,吉益機車行,陳淑玲,516彰化縣埔鹽鄉角樹村員鹿路一段139-1號,04-8852920,
1,7399,N000430,春興機車行,陳文東,521彰化縣北斗鎮居仁里地政路328號,04-8884783,
1,7399,N000429,旭陽車業股份有限公司花壇營業所,趙偉勝,503彰化縣花壇鄉中山路二段620-1號,04-7860501,
1,7399,H001366,三禾機車行,李佳宸,337桃園市大園區果林村拔子林9之60號1樓,03-3830181,
